id,common_name,scientific_name,aliases,retail_group,care_profile_id,description,care_summary,light_category,water_category,humidity_category,soil_category,airflow_notes,difficulty,pet_safety,data_quality,listing_keywords
golden-pothos,Golden Pothos,Epipremnum aureum,Devil's ivy,houseplant_aroid,AROIDS_CHUNKY,"Golden Pothos is a popular tropical foliage plant sold for decorative leaves, climbing/trailing habit, and easy propagation. Listings should emphasize leaf shape, variegation, pot size, and rooted cutting status.","Bright indirect to medium indirect light; protect from harsh midday sun indoors. Water when the top 30-50% of mix dries; do not leave standing in water. Average indoor humidity is usually workable; 50-70% helps larger leaves and velvety species. Soil: Chunky, airy aroid mix with potting soil/coco plus orchid bark, perlite, or pumice.",bright_indirect_to_medium,moderate_drydown,average_to_high,chunky_aroid_mix,Gentle airflow helps reduce fungal issues; avoid cold drafts and heater vents.,easy_to_intermediate,likely_toxic,mvp_seed_needs_taxonomy_and_toxicity_review,"Golden Pothos, houseplant aroid, Tropical aroid / chunky mix, plant care, rooted plant, local pickup"
marble-queen-pothos,Marble Queen Pothos,Epipremnum aureum 'Marble Queen',Marble Queen,houseplant_aroid,AROIDS_CHUNKY,"Marble Queen Pothos is a popular tropical foliage plant sold for decorative leaves, climbing/trailing habit, and easy propagation. Listings should emphasize leaf shape, variegation, pot size, and rooted cutting status.","Bright indirect to medium indirect light; protect from harsh midday sun indoors. Water when the top 30-50% of mix dries; do not leave standing in water. Average indoor humidity is usually workable; 50-70% helps larger leaves and velvety species. Soil: Chunky, airy aroid mix with potting soil/coco plus orchid bark, perlite, or pumice.",bright_indirect_to_medium,moderate_drydown,average_to_high,chunky_aroid_mix,Gentle airflow helps reduce fungal issues; avoid cold drafts and heater vents.,easy_to_intermediate,likely_toxic,mvp_seed_needs_taxonomy_and_toxicity_review,"Marble Queen Pothos, houseplant aroid, Tropical aroid / chunky mix, plant care, rooted plant, local pickup"
neon-pothos,Neon Pothos,Epipremnum aureum 'Neon',,houseplant_aroid,AROIDS_CHUNKY,"Neon Pothos is a popular tropical foliage plant sold for decorative leaves, climbing/trailing habit, and easy propagation. Listings should emphasize leaf shape, variegation, pot size, and rooted cutting status.","Bright indirect to medium indirect light; protect from harsh midday sun indoors. Water when the top 30-50% of mix dries; do not leave standing in water. Average indoor humidity is usually workable; 50-70% helps larger leaves and velvety species. Soil: Chunky, airy aroid mix with potting soil/coco plus orchid bark, perlite, or pumice.",bright_indirect_to_medium,moderate_drydown,average_to_high,chunky_aroid_mix,Gentle airflow helps reduce fungal issues; avoid cold drafts and heater vents.,easy_to_intermediate,likely_toxic,mvp_seed_needs_taxonomy_and_toxicity_review,"Neon Pothos, houseplant aroid, Tropical aroid / chunky mix, plant care, rooted plant, local pickup"
pearls-and-jade-pothos,Pearls and Jade Pothos,Epipremnum aureum 'Pearls and Jade',,houseplant_aroid,AROIDS_CHUNKY,"Pearls and Jade Pothos is a popular tropical foliage plant sold for decorative leaves, climbing/trailing habit, and easy propagation. Listings should emphasize leaf shape, variegation, pot size, and rooted cutting status.","Bright indirect to medium indirect light; protect from harsh midday sun indoors. Water when the top 30-50% of mix dries; do not leave standing in water. Average indoor humidity is usually workable; 50-70% helps larger leaves and velvety species. Soil: Chunky, airy aroid mix with potting soil/coco plus orchid bark, perlite, or pumice.",bright_indirect_to_medium,moderate_drydown,average_to_high,chunky_aroid_mix,Gentle airflow helps reduce fungal issues; avoid cold drafts and heater vents.,easy_to_intermediate,likely_toxic,mvp_seed_needs_taxonomy_and_toxicity_review,"Pearls and Jade Pothos, houseplant aroid, Tropical aroid / chunky mix, plant care, rooted plant, local pickup"
n-joy-pothos,N'Joy Pothos,Epipremnum aureum 'N'Joy',Pothos Njoy,houseplant_aroid,AROIDS_CHUNKY,"N'Joy Pothos is a popular tropical foliage plant sold for decorative leaves, climbing/trailing habit, and easy propagation. Listings should emphasize leaf shape, variegation, pot size, and rooted cutting status.","Bright indirect to medium indirect light; protect from harsh midday sun indoors. Water when the top 30-50% of mix dries; do not leave standing in water. Average indoor humidity is usually workable; 50-70% helps larger leaves and velvety species. Soil: Chunky, airy aroid mix with potting soil/coco plus orchid bark, perlite, or pumice.",bright_indirect_to_medium,moderate_drydown,average_to_high,chunky_aroid_mix,Gentle airflow helps reduce fungal issues; avoid cold drafts and heater vents.,easy_to_intermediate,likely_toxic,mvp_seed_needs_taxonomy_and_toxicity_review,"N'Joy Pothos, houseplant aroid, Tropical aroid / chunky mix, plant care, rooted plant, local pickup"
manjula-pothos,Manjula Pothos,Epipremnum aureum 'Manjula',,houseplant_aroid,AROIDS_CHUNKY,"Manjula Pothos is a popular tropical foliage plant sold for decorative leaves, climbing/trailing habit, and easy propagation. Listings should emphasize leaf shape, variegation, pot size, and rooted cutting status.","Bright indirect to medium indirect light; protect from harsh midday sun indoors. Water when the top 30-50% of mix dries; do not leave standing in water. Average indoor humidity is usually workable; 50-70% helps larger leaves and velvety species. Soil: Chunky, airy aroid mix with potting soil/coco plus orchid bark, perlite, or pumice.",bright_indirect_to_medium,moderate_drydown,average_to_high,chunky_aroid_mix,Gentle airflow helps reduce fungal issues; avoid cold drafts and heater vents.,easy_to_intermediate,likely_toxic,mvp_seed_needs_taxonomy_and_toxicity_review,"Manjula Pothos, houseplant aroid, Tropical aroid / chunky mix, plant care, rooted plant, local pickup"
cebu-blue-pothos,Cebu Blue Pothos,Epipremnum pinnatum 'Cebu Blue',,houseplant_aroid,AROIDS_CHUNKY,"Cebu Blue Pothos is a popular tropical foliage plant sold for decorative leaves, climbing/trailing habit, and easy propagation. Listings should emphasize leaf shape, variegation, pot size, and rooted cutting status.","Bright indirect to medium indirect light; protect from harsh midday sun indoors. Water when the top 30-50% of mix dries; do not leave standing in water. Average indoor humidity is usually workable; 50-70% helps larger leaves and velvety species. Soil: Chunky, airy aroid mix with potting soil/coco plus orchid bark, perlite, or pumice.",bright_indirect_to_medium,moderate_drydown,average_to_high,chunky_aroid_mix,Gentle airflow helps reduce fungal issues; avoid cold drafts and heater vents.,easy_to_intermediate,likely_toxic,mvp_seed_needs_taxonomy_and_toxicity_review,"Cebu Blue Pothos, houseplant aroid, Tropical aroid / chunky mix, plant care, rooted plant, local pickup"
baltic-blue-pothos,Baltic Blue Pothos,Epipremnum pinnatum 'Baltic Blue',,houseplant_aroid,AROIDS_CHUNKY,"Baltic Blue Pothos is a popular tropical foliage plant sold for decorative leaves, climbing/trailing habit, and easy propagation. Listings should emphasize leaf shape, variegation, pot size, and rooted cutting status.","Bright indirect to medium indirect light; protect from harsh midday sun indoors. Water when the top 30-50% of mix dries; do not leave standing in water. Average indoor humidity is usually workable; 50-70% helps larger leaves and velvety species. Soil: Chunky, airy aroid mix with potting soil/coco plus orchid bark, perlite, or pumice.",bright_indirect_to_medium,moderate_drydown,average_to_high,chunky_aroid_mix,Gentle airflow helps reduce fungal issues; avoid cold drafts and heater vents.,easy_to_intermediate,likely_toxic,mvp_seed_needs_taxonomy_and_toxicity_review,"Baltic Blue Pothos, houseplant aroid, Tropical aroid / chunky mix, plant care, rooted plant, local pickup"
satin-pothos,Satin Pothos,Scindapsus pictus,Silver pothos,houseplant_aroid,AROIDS_CHUNKY,"Satin Pothos is a popular tropical foliage plant sold for decorative leaves, climbing/trailing habit, and easy propagation. Listings should emphasize leaf shape, variegation, pot size, and rooted cutting status.","Bright indirect to medium indirect light; protect from harsh midday sun indoors. Water when the top 30-50% of mix dries; do not leave standing in water. Average indoor humidity is usually workable; 50-70% helps larger leaves and velvety species. Soil: Chunky, airy aroid mix with potting soil/coco plus orchid bark, perlite, or pumice.",bright_indirect_to_medium,moderate_drydown,average_to_high,chunky_aroid_mix,Gentle airflow helps reduce fungal issues; avoid cold drafts and heater vents.,easy_to_intermediate,likely_toxic,mvp_seed_needs_taxonomy_and_toxicity_review,"Satin Pothos, houseplant aroid, Tropical aroid / chunky mix, plant care, rooted plant, local pickup"
silver-splash-pothos,Silver Splash Pothos,Scindapsus pictus 'Silver Splash',,houseplant_aroid,AROIDS_CHUNKY,"Silver Splash Pothos is a popular tropical foliage plant sold for decorative leaves, climbing/trailing habit, and easy propagation. Listings should emphasize leaf shape, variegation, pot size, and rooted cutting status.","Bright indirect to medium indirect light; protect from harsh midday sun indoors. Water when the top 30-50% of mix dries; do not leave standing in water. Average indoor humidity is usually workable; 50-70% helps larger leaves and velvety species. Soil: Chunky, airy aroid mix with potting soil/coco plus orchid bark, perlite, or pumice.",bright_indirect_to_medium,moderate_drydown,average_to_high,chunky_aroid_mix,Gentle airflow helps reduce fungal issues; avoid cold drafts and heater vents.,easy_to_intermediate,likely_toxic,mvp_seed_needs_taxonomy_and_toxicity_review,"Silver Splash Pothos, houseplant aroid, Tropical aroid / chunky mix, plant care, rooted plant, local pickup"
scindapsus-moonlight,Scindapsus Moonlight,Scindapsus treubii 'Moonlight',Treubii Moonlight,houseplant_aroid,AROIDS_CHUNKY,"Scindapsus Moonlight is a popular tropical foliage plant sold for decorative leaves, climbing/trailing habit, and easy propagation. Listings should emphasize leaf shape, variegation, pot size, and rooted cutting status.","Bright indirect to medium indirect light; protect from harsh midday sun indoors. Water when the top 30-50% of mix dries; do not leave standing in water. Average indoor humidity is usually workable; 50-70% helps larger leaves and velvety species. Soil: Chunky, airy aroid mix with potting soil/coco plus orchid bark, perlite, or pumice.",bright_indirect_to_medium,moderate_drydown,average_to_high,chunky_aroid_mix,Gentle airflow helps reduce fungal issues; avoid cold drafts and heater vents.,easy_to_intermediate,likely_toxic,mvp_seed_needs_taxonomy_and_toxicity_review,"Scindapsus Moonlight, houseplant aroid, Tropical aroid / chunky mix, plant care, rooted plant, local pickup"
scindapsus-dark-form,Scindapsus Dark Form,Scindapsus treubii 'Dark Form',Treubii Dark Form,houseplant_aroid,AROIDS_CHUNKY,"Scindapsus Dark Form is a popular tropical foliage plant sold for decorative leaves, climbing/trailing habit, and easy propagation. Listings should emphasize leaf shape, variegation, pot size, and rooted cutting status.","Bright indirect to medium indirect light; protect from harsh midday sun indoors. Water when the top 30-50% of mix dries; do not leave standing in water. Average indoor humidity is usually workable; 50-70% helps larger leaves and velvety species. Soil: Chunky, airy aroid mix with potting soil/coco plus orchid bark, perlite, or pumice.",bright_indirect_to_medium,moderate_drydown,average_to_high,chunky_aroid_mix,Gentle airflow helps reduce fungal issues; avoid cold drafts and heater vents.,easy_to_intermediate,likely_toxic,mvp_seed_needs_taxonomy_and_toxicity_review,"Scindapsus Dark Form, houseplant aroid, Tropical aroid / chunky mix, plant care, rooted plant, local pickup"
heartleaf-philodendron,Heartleaf Philodendron,Philodendron hederaceum,,houseplant_aroid,AROIDS_CHUNKY,"Heartleaf Philodendron is a popular tropical foliage plant sold for decorative leaves, climbing/trailing habit, and easy propagation. Listings should emphasize leaf shape, variegation, pot size, and rooted cutting status.","Bright indirect to medium indirect light; protect from harsh midday sun indoors. Water when the top 30-50% of mix dries; do not leave standing in water. Average indoor humidity is usually workable; 50-70% helps larger leaves and velvety species. Soil: Chunky, airy aroid mix with potting soil/coco plus orchid bark, perlite, or pumice.",bright_indirect_to_medium,moderate_drydown,average_to_high,chunky_aroid_mix,Gentle airflow helps reduce fungal issues; avoid cold drafts and heater vents.,easy_to_intermediate,likely_toxic,mvp_seed_needs_taxonomy_and_toxicity_review,"Heartleaf Philodendron, houseplant aroid, Tropical aroid / chunky mix, plant care, rooted plant, local pickup"
philodendron-brasil,Philodendron Brasil,Philodendron hederaceum 'Brasil',,houseplant_aroid,AROIDS_CHUNKY,"Philodendron Brasil is a popular tropical foliage plant sold for decorative leaves, climbing/trailing habit, and easy propagation. Listings should emphasize leaf shape, variegation, pot size, and rooted cutting status.","Bright indirect to medium indirect light; protect from harsh midday sun indoors. Water when the top 30-50% of mix dries; do not leave standing in water. Average indoor humidity is usually workable; 50-70% helps larger leaves and velvety species. Soil: Chunky, airy aroid mix with potting soil/coco plus orchid bark, perlite, or pumice.",bright_indirect_to_medium,moderate_drydown,average_to_high,chunky_aroid_mix,Gentle airflow helps reduce fungal issues; avoid cold drafts and heater vents.,easy_to_intermediate,likely_toxic,mvp_seed_needs_taxonomy_and_toxicity_review,"Philodendron Brasil, houseplant aroid, Tropical aroid / chunky mix, plant care, rooted plant, local pickup"
philodendron-micans,Philodendron Micans,Philodendron hederaceum var. hederaceum,Velvet-leaf philodendron,houseplant_aroid,AROIDS_CHUNKY,"Philodendron Micans is a popular tropical foliage plant sold for decorative leaves, climbing/trailing habit, and easy propagation. Listings should emphasize leaf shape, variegation, pot size, and rooted cutting status.","Bright indirect to medium indirect light; protect from harsh midday sun indoors. Water when the top 30-50% of mix dries; do not leave standing in water. Average indoor humidity is usually workable; 50-70% helps larger leaves and velvety species. Soil: Chunky, airy aroid mix with potting soil/coco plus orchid bark, perlite, or pumice.",bright_indirect_to_medium,moderate_drydown,average_to_high,chunky_aroid_mix,Gentle airflow helps reduce fungal issues; avoid cold drafts and heater vents.,easy_to_intermediate,likely_toxic,mvp_seed_needs_taxonomy_and_toxicity_review,"Philodendron Micans, houseplant aroid, Tropical aroid / chunky mix, plant care, rooted plant, local pickup"
philodendron-birkin,Philodendron Birkin,Philodendron 'Birkin',,houseplant_aroid,AROIDS_CHUNKY,"Philodendron Birkin is a popular tropical foliage plant sold for decorative leaves, climbing/trailing habit, and easy propagation. Listings should emphasize leaf shape, variegation, pot size, and rooted cutting status.","Bright indirect to medium indirect light; protect from harsh midday sun indoors. Water when the top 30-50% of mix dries; do not leave standing in water. Average indoor humidity is usually workable; 50-70% helps larger leaves and velvety species. Soil: Chunky, airy aroid mix with potting soil/coco plus orchid bark, perlite, or pumice.",bright_indirect_to_medium,moderate_drydown,average_to_high,chunky_aroid_mix,Gentle airflow helps reduce fungal issues; avoid cold drafts and heater vents.,easy_to_intermediate,likely_toxic,mvp_seed_needs_taxonomy_and_toxicity_review,"Philodendron Birkin, houseplant aroid, Tropical aroid / chunky mix, plant care, rooted plant, local pickup"
philodendron-pink-princess,Philodendron Pink Princess,Philodendron erubescens 'Pink Princess',,houseplant_aroid,RARE_AROIDS_HIGH_HUMIDITY,"Philodendron Pink Princess is a collector-oriented tropical aroid usually sold for distinctive leaves, venation, or variegation. Listings should be clear about root status, leaf count, humidity acclimation, and cosmetic leaf wear.","Bright filtered light; avoid direct sun on thin or velvety leaves. Keep evenly moist but never soggy; allow the upper mix to begin drying between waterings. High humidity preferred, often 60-80%, with steady warmth. Soil: Very airy aroid mix with bark, perlite/pumice, coco chips, and a moisture-retentive component.",bright_indirect,even_moist,high,chunky_aroid_moist,High humidity should be paired with airflow to prevent leaf spotting and rot.,intermediate_to_advanced,likely_toxic,mvp_seed_needs_taxonomy_and_toxicity_review,"Philodendron Pink Princess, houseplant aroid, Rare/velvety aroid, plant care, rooted plant, local pickup"
philodendron-white-princess,Philodendron White Princess,Philodendron erubescens 'White Princess',,houseplant_aroid,RARE_AROIDS_HIGH_HUMIDITY,"Philodendron White Princess is a collector-oriented tropical aroid usually sold for distinctive leaves, venation, or variegation. Listings should be clear about root status, leaf count, humidity acclimation, and cosmetic leaf wear.","Bright filtered light; avoid direct sun on thin or velvety leaves. Keep evenly moist but never soggy; allow the upper mix to begin drying between waterings. High humidity preferred, often 60-80%, with steady warmth. Soil: Very airy aroid mix with bark, perlite/pumice, coco chips, and a moisture-retentive component.",bright_indirect,even_moist,high,chunky_aroid_moist,High humidity should be paired with airflow to prevent leaf spotting and rot.,intermediate_to_advanced,likely_toxic,mvp_seed_needs_taxonomy_and_toxicity_review,"Philodendron White Princess, houseplant aroid, Rare/velvety aroid, plant care, rooted plant, local pickup"
philodendron-white-knight,Philodendron White Knight,Philodendron erubescens 'White Knight',,houseplant_aroid,RARE_AROIDS_HIGH_HUMIDITY,"Philodendron White Knight is a collector-oriented tropical aroid usually sold for distinctive leaves, venation, or variegation. Listings should be clear about root status, leaf count, humidity acclimation, and cosmetic leaf wear.","Bright filtered light; avoid direct sun on thin or velvety leaves. Keep evenly moist but never soggy; allow the upper mix to begin drying between waterings. High humidity preferred, often 60-80%, with steady warmth. Soil: Very airy aroid mix with bark, perlite/pumice, coco chips, and a moisture-retentive component.",bright_indirect,even_moist,high,chunky_aroid_moist,High humidity should be paired with airflow to prevent leaf spotting and rot.,intermediate_to_advanced,likely_toxic,mvp_seed_needs_taxonomy_and_toxicity_review,"Philodendron White Knight, houseplant aroid, Rare/velvety aroid, plant care, rooted plant, local pickup"
philodendron-prince-of-orange,Philodendron Prince of Orange,Philodendron 'Prince of Orange',,houseplant_aroid,AROIDS_CHUNKY,"Philodendron Prince of Orange is a popular tropical foliage plant sold for decorative leaves, climbing/trailing habit, and easy propagation. Listings should emphasize leaf shape, variegation, pot size, and rooted cutting status.","Bright indirect to medium indirect light; protect from harsh midday sun indoors. Water when the top 30-50% of mix dries; do not leave standing in water. Average indoor humidity is usually workable; 50-70% helps larger leaves and velvety species. Soil: Chunky, airy aroid mix with potting soil/coco plus orchid bark, perlite, or pumice.",bright_indirect_to_medium,moderate_drydown,average_to_high,chunky_aroid_mix,Gentle airflow helps reduce fungal issues; avoid cold drafts and heater vents.,easy_to_intermediate,likely_toxic,mvp_seed_needs_taxonomy_and_toxicity_review,"Philodendron Prince of Orange, houseplant aroid, Tropical aroid / chunky mix, plant care, rooted plant, local pickup"
philodendron-rojo-congo,Philodendron Rojo Congo,Philodendron 'Rojo Congo',,houseplant_aroid,AROIDS_CHUNKY,"Philodendron Rojo Congo is a popular tropical foliage plant sold for decorative leaves, climbing/trailing habit, and easy propagation. Listings should emphasize leaf shape, variegation, pot size, and rooted cutting status.","Bright indirect to medium indirect light; protect from harsh midday sun indoors. Water when the top 30-50% of mix dries; do not leave standing in water. Average indoor humidity is usually workable; 50-70% helps larger leaves and velvety species. Soil: Chunky, airy aroid mix with potting soil/coco plus orchid bark, perlite, or pumice.",bright_indirect_to_medium,moderate_drydown,average_to_high,chunky_aroid_mix,Gentle airflow helps reduce fungal issues; avoid cold drafts and heater vents.,easy_to_intermediate,likely_toxic,mvp_seed_needs_taxonomy_and_toxicity_review,"Philodendron Rojo Congo, houseplant aroid, Tropical aroid / chunky mix, plant care, rooted plant, local pickup"
philodendron-gloriosum,Philodendron Gloriosum,Philodendron gloriosum,,houseplant_aroid,RARE_AROIDS_HIGH_HUMIDITY,"Philodendron Gloriosum is a collector-oriented tropical aroid usually sold for distinctive leaves, venation, or variegation. Listings should be clear about root status, leaf count, humidity acclimation, and cosmetic leaf wear.","Bright filtered light; avoid direct sun on thin or velvety leaves. Keep evenly moist but never soggy; allow the upper mix to begin drying between waterings. High humidity preferred, often 60-80%, with steady warmth. Soil: Very airy aroid mix with bark, perlite/pumice, coco chips, and a moisture-retentive component.",bright_indirect,even_moist,high,chunky_aroid_moist,High humidity should be paired with airflow to prevent leaf spotting and rot.,intermediate_to_advanced,likely_toxic,mvp_seed_needs_taxonomy_and_toxicity_review,"Philodendron Gloriosum, houseplant aroid, Rare/velvety aroid, plant care, rooted plant, local pickup"
philodendron-melanochrysum,Philodendron Melanochrysum,Philodendron melanochrysum,,houseplant_aroid,RARE_AROIDS_HIGH_HUMIDITY,"Philodendron Melanochrysum is a collector-oriented tropical aroid usually sold for distinctive leaves, venation, or variegation. Listings should be clear about root status, leaf count, humidity acclimation, and cosmetic leaf wear.","Bright filtered light; avoid direct sun on thin or velvety leaves. Keep evenly moist but never soggy; allow the upper mix to begin drying between waterings. High humidity preferred, often 60-80%, with steady warmth. Soil: Very airy aroid mix with bark, perlite/pumice, coco chips, and a moisture-retentive component.",bright_indirect,even_moist,high,chunky_aroid_moist,High humidity should be paired with airflow to prevent leaf spotting and rot.,intermediate_to_advanced,likely_toxic,mvp_seed_needs_taxonomy_and_toxicity_review,"Philodendron Melanochrysum, houseplant aroid, Rare/velvety aroid, plant care, rooted plant, local pickup"
philodendron-verrucosum,Philodendron Verrucosum,Philodendron verrucosum,,houseplant_aroid,RARE_AROIDS_HIGH_HUMIDITY,"Philodendron Verrucosum is a collector-oriented tropical aroid usually sold for distinctive leaves, venation, or variegation. Listings should be clear about root status, leaf count, humidity acclimation, and cosmetic leaf wear.","Bright filtered light; avoid direct sun on thin or velvety leaves. Keep evenly moist but never soggy; allow the upper mix to begin drying between waterings. High humidity preferred, often 60-80%, with steady warmth. Soil: Very airy aroid mix with bark, perlite/pumice, coco chips, and a moisture-retentive component.",bright_indirect,even_moist,high,chunky_aroid_moist,High humidity should be paired with airflow to prevent leaf spotting and rot.,intermediate_to_advanced,likely_toxic,mvp_seed_needs_taxonomy_and_toxicity_review,"Philodendron Verrucosum, houseplant aroid, Rare/velvety aroid, plant care, rooted plant, local pickup"
philodendron-florida-ghost,Philodendron Florida Ghost,Philodendron 'Florida Ghost',,houseplant_aroid,RARE_AROIDS_HIGH_HUMIDITY,"Philodendron Florida Ghost is a collector-oriented tropical aroid usually sold for distinctive leaves, venation, or variegation. Listings should be clear about root status, leaf count, humidity acclimation, and cosmetic leaf wear.","Bright filtered light; avoid direct sun on thin or velvety leaves. Keep evenly moist but never soggy; allow the upper mix to begin drying between waterings. High humidity preferred, often 60-80%, with steady warmth. Soil: Very airy aroid mix with bark, perlite/pumice, coco chips, and a moisture-retentive component.",bright_indirect,even_moist,high,chunky_aroid_moist,High humidity should be paired with airflow to prevent leaf spotting and rot.,intermediate_to_advanced,likely_toxic,mvp_seed_needs_taxonomy_and_toxicity_review,"Philodendron Florida Ghost, houseplant aroid, Rare/velvety aroid, plant care, rooted plant, local pickup"
philodendron-ring-of-fire,Philodendron Ring of Fire,Philodendron 'Ring of Fire',,houseplant_aroid,RARE_AROIDS_HIGH_HUMIDITY,"Philodendron Ring of Fire is a collector-oriented tropical aroid usually sold for distinctive leaves, venation, or variegation. Listings should be clear about root status, leaf count, humidity acclimation, and cosmetic leaf wear.","Bright filtered light; avoid direct sun on thin or velvety leaves. Keep evenly moist but never soggy; allow the upper mix to begin drying between waterings. High humidity preferred, often 60-80%, with steady warmth. Soil: Very airy aroid mix with bark, perlite/pumice, coco chips, and a moisture-retentive component.",bright_indirect,even_moist,high,chunky_aroid_moist,High humidity should be paired with airflow to prevent leaf spotting and rot.,intermediate_to_advanced,likely_toxic,mvp_seed_needs_taxonomy_and_toxicity_review,"Philodendron Ring of Fire, houseplant aroid, Rare/velvety aroid, plant care, rooted plant, local pickup"
monstera-deliciosa,Monstera Deliciosa,Monstera deliciosa,Swiss cheese plant,houseplant_aroid,AROIDS_CHUNKY,"Monstera Deliciosa is a popular tropical foliage plant sold for decorative leaves, climbing/trailing habit, and easy propagation. Listings should emphasize leaf shape, variegation, pot size, and rooted cutting status.","Bright indirect to medium indirect light; protect from harsh midday sun indoors. Water when the top 30-50% of mix dries; do not leave standing in water. Average indoor humidity is usually workable; 50-70% helps larger leaves and velvety species. Soil: Chunky, airy aroid mix with potting soil/coco plus orchid bark, perlite, or pumice.",bright_indirect_to_medium,moderate_drydown,average_to_high,chunky_aroid_mix,Gentle airflow helps reduce fungal issues; avoid cold drafts and heater vents.,easy_to_intermediate,likely_toxic,mvp_seed_needs_taxonomy_and_toxicity_review,"Monstera Deliciosa, houseplant aroid, Tropical aroid / chunky mix, plant care, rooted plant, local pickup"
monstera-thai-constellation,Monstera Thai Constellation,Monstera deliciosa 'Thai Constellation',,houseplant_aroid,RARE_AROIDS_HIGH_HUMIDITY,"Monstera Thai Constellation is a collector-oriented tropical aroid usually sold for distinctive leaves, venation, or variegation. Listings should be clear about root status, leaf count, humidity acclimation, and cosmetic leaf wear.","Bright filtered light; avoid direct sun on thin or velvety leaves. Keep evenly moist but never soggy; allow the upper mix to begin drying between waterings. High humidity preferred, often 60-80%, with steady warmth. Soil: Very airy aroid mix with bark, perlite/pumice, coco chips, and a moisture-retentive component.",bright_indirect,even_moist,high,chunky_aroid_moist,High humidity should be paired with airflow to prevent leaf spotting and rot.,intermediate_to_advanced,likely_toxic,mvp_seed_needs_taxonomy_and_toxicity_review,"Monstera Thai Constellation, houseplant aroid, Rare/velvety aroid, plant care, rooted plant, local pickup"
monstera-albo,Monstera Albo,Monstera deliciosa 'Albo Variegata',Variegated monstera,houseplant_aroid,RARE_AROIDS_HIGH_HUMIDITY,"Monstera Albo is a collector-oriented tropical aroid usually sold for distinctive leaves, venation, or variegation. Listings should be clear about root status, leaf count, humidity acclimation, and cosmetic leaf wear.","Bright filtered light; avoid direct sun on thin or velvety leaves. Keep evenly moist but never soggy; allow the upper mix to begin drying between waterings. High humidity preferred, often 60-80%, with steady warmth. Soil: Very airy aroid mix with bark, perlite/pumice, coco chips, and a moisture-retentive component.",bright_indirect,even_moist,high,chunky_aroid_moist,High humidity should be paired with airflow to prevent leaf spotting and rot.,intermediate_to_advanced,likely_toxic,mvp_seed_needs_taxonomy_and_toxicity_review,"Monstera Albo, houseplant aroid, Rare/velvety aroid, plant care, rooted plant, local pickup"
monstera-adansonii,Monstera Adansonii,Monstera adansonii,Swiss cheese vine,houseplant_aroid,AROIDS_CHUNKY,"Monstera Adansonii is a popular tropical foliage plant sold for decorative leaves, climbing/trailing habit, and easy propagation. Listings should emphasize leaf shape, variegation, pot size, and rooted cutting status.","Bright indirect to medium indirect light; protect from harsh midday sun indoors. Water when the top 30-50% of mix dries; do not leave standing in water. Average indoor humidity is usually workable; 50-70% helps larger leaves and velvety species. Soil: Chunky, airy aroid mix with potting soil/coco plus orchid bark, perlite, or pumice.",bright_indirect_to_medium,moderate_drydown,average_to_high,chunky_aroid_mix,Gentle airflow helps reduce fungal issues; avoid cold drafts and heater vents.,easy_to_intermediate,likely_toxic,mvp_seed_needs_taxonomy_and_toxicity_review,"Monstera Adansonii, houseplant aroid, Tropical aroid / chunky mix, plant care, rooted plant, local pickup"
monstera-siltepecana,Monstera Siltepecana,Monstera siltepecana,,houseplant_aroid,RARE_AROIDS_HIGH_HUMIDITY,"Monstera Siltepecana is a collector-oriented tropical aroid usually sold for distinctive leaves, venation, or variegation. Listings should be clear about root status, leaf count, humidity acclimation, and cosmetic leaf wear.","Bright filtered light; avoid direct sun on thin or velvety leaves. Keep evenly moist but never soggy; allow the upper mix to begin drying between waterings. High humidity preferred, often 60-80%, with steady warmth. Soil: Very airy aroid mix with bark, perlite/pumice, coco chips, and a moisture-retentive component.",bright_indirect,even_moist,high,chunky_aroid_moist,High humidity should be paired with airflow to prevent leaf spotting and rot.,intermediate_to_advanced,likely_toxic,mvp_seed_needs_taxonomy_and_toxicity_review,"Monstera Siltepecana, houseplant aroid, Rare/velvety aroid, plant care, rooted plant, local pickup"
monstera-peru,Monstera Peru,Monstera karstenianum,Monstera sp. Peru,houseplant_aroid,RARE_AROIDS_HIGH_HUMIDITY,"Monstera Peru is a collector-oriented tropical aroid usually sold for distinctive leaves, venation, or variegation. Listings should be clear about root status, leaf count, humidity acclimation, and cosmetic leaf wear.","Bright filtered light; avoid direct sun on thin or velvety leaves. Keep evenly moist but never soggy; allow the upper mix to begin drying between waterings. High humidity preferred, often 60-80%, with steady warmth. Soil: Very airy aroid mix with bark, perlite/pumice, coco chips, and a moisture-retentive component.",bright_indirect,even_moist,high,chunky_aroid_moist,High humidity should be paired with airflow to prevent leaf spotting and rot.,intermediate_to_advanced,likely_toxic,mvp_seed_needs_taxonomy_and_toxicity_review,"Monstera Peru, houseplant aroid, Rare/velvety aroid, plant care, rooted plant, local pickup"
rhaphidophora-tetrasperma,Rhaphidophora Tetrasperma,Rhaphidophora tetrasperma,Mini monstera,houseplant_aroid,AROIDS_CHUNKY,"Rhaphidophora Tetrasperma is a popular tropical foliage plant sold for decorative leaves, climbing/trailing habit, and easy propagation. Listings should emphasize leaf shape, variegation, pot size, and rooted cutting status.","Bright indirect to medium indirect light; protect from harsh midday sun indoors. Water when the top 30-50% of mix dries; do not leave standing in water. Average indoor humidity is usually workable; 50-70% helps larger leaves and velvety species. Soil: Chunky, airy aroid mix with potting soil/coco plus orchid bark, perlite, or pumice.",bright_indirect_to_medium,moderate_drydown,average_to_high,chunky_aroid_mix,Gentle airflow helps reduce fungal issues; avoid cold drafts and heater vents.,easy_to_intermediate,likely_toxic,mvp_seed_needs_taxonomy_and_toxicity_review,"Rhaphidophora Tetrasperma, houseplant aroid, Tropical aroid / chunky mix, plant care, rooted plant, local pickup"
rhaphidophora-decursiva,Rhaphidophora Decursiva,Rhaphidophora decursiva,,houseplant_aroid,AROIDS_CHUNKY,"Rhaphidophora Decursiva is a popular tropical foliage plant sold for decorative leaves, climbing/trailing habit, and easy propagation. Listings should emphasize leaf shape, variegation, pot size, and rooted cutting status.","Bright indirect to medium indirect light; protect from harsh midday sun indoors. Water when the top 30-50% of mix dries; do not leave standing in water. Average indoor humidity is usually workable; 50-70% helps larger leaves and velvety species. Soil: Chunky, airy aroid mix with potting soil/coco plus orchid bark, perlite, or pumice.",bright_indirect_to_medium,moderate_drydown,average_to_high,chunky_aroid_mix,Gentle airflow helps reduce fungal issues; avoid cold drafts and heater vents.,easy_to_intermediate,likely_toxic,mvp_seed_needs_taxonomy_and_toxicity_review,"Rhaphidophora Decursiva, houseplant aroid, Tropical aroid / chunky mix, plant care, rooted plant, local pickup"
arrowhead-plant,Arrowhead Plant,Syngonium podophyllum,Syngonium,houseplant_aroid,AROIDS_CHUNKY,"Arrowhead Plant is a popular tropical foliage plant sold for decorative leaves, climbing/trailing habit, and easy propagation. Listings should emphasize leaf shape, variegation, pot size, and rooted cutting status.","Bright indirect to medium indirect light; protect from harsh midday sun indoors. Water when the top 30-50% of mix dries; do not leave standing in water. Average indoor humidity is usually workable; 50-70% helps larger leaves and velvety species. Soil: Chunky, airy aroid mix with potting soil/coco plus orchid bark, perlite, or pumice.",bright_indirect_to_medium,moderate_drydown,average_to_high,chunky_aroid_mix,Gentle airflow helps reduce fungal issues; avoid cold drafts and heater vents.,easy_to_intermediate,likely_toxic,mvp_seed_needs_taxonomy_and_toxicity_review,"Arrowhead Plant, houseplant aroid, Tropical aroid / chunky mix, plant care, rooted plant, local pickup"
syngonium-albo,Syngonium Albo,Syngonium podophyllum 'Albo Variegatum',,houseplant_aroid,RARE_AROIDS_HIGH_HUMIDITY,"Syngonium Albo is a collector-oriented tropical aroid usually sold for distinctive leaves, venation, or variegation. Listings should be clear about root status, leaf count, humidity acclimation, and cosmetic leaf wear.","Bright filtered light; avoid direct sun on thin or velvety leaves. Keep evenly moist but never soggy; allow the upper mix to begin drying between waterings. High humidity preferred, often 60-80%, with steady warmth. Soil: Very airy aroid mix with bark, perlite/pumice, coco chips, and a moisture-retentive component.",bright_indirect,even_moist,high,chunky_aroid_moist,High humidity should be paired with airflow to prevent leaf spotting and rot.,intermediate_to_advanced,likely_toxic,mvp_seed_needs_taxonomy_and_toxicity_review,"Syngonium Albo, houseplant aroid, Rare/velvety aroid, plant care, rooted plant, local pickup"
syngonium-pink-allusion,Syngonium Pink Allusion,Syngonium podophyllum 'Pink Allusion',,houseplant_aroid,AROIDS_CHUNKY,"Syngonium Pink Allusion is a popular tropical foliage plant sold for decorative leaves, climbing/trailing habit, and easy propagation. Listings should emphasize leaf shape, variegation, pot size, and rooted cutting status.","Bright indirect to medium indirect light; protect from harsh midday sun indoors. Water when the top 30-50% of mix dries; do not leave standing in water. Average indoor humidity is usually workable; 50-70% helps larger leaves and velvety species. Soil: Chunky, airy aroid mix with potting soil/coco plus orchid bark, perlite, or pumice.",bright_indirect_to_medium,moderate_drydown,average_to_high,chunky_aroid_mix,Gentle airflow helps reduce fungal issues; avoid cold drafts and heater vents.,easy_to_intermediate,likely_toxic,mvp_seed_needs_taxonomy_and_toxicity_review,"Syngonium Pink Allusion, houseplant aroid, Tropical aroid / chunky mix, plant care, rooted plant, local pickup"
syngonium-milk-confetti,Syngonium Milk Confetti,Syngonium podophyllum 'Milk Confetti',,houseplant_aroid,RARE_AROIDS_HIGH_HUMIDITY,"Syngonium Milk Confetti is a collector-oriented tropical aroid usually sold for distinctive leaves, venation, or variegation. Listings should be clear about root status, leaf count, humidity acclimation, and cosmetic leaf wear.","Bright filtered light; avoid direct sun on thin or velvety leaves. Keep evenly moist but never soggy; allow the upper mix to begin drying between waterings. High humidity preferred, often 60-80%, with steady warmth. Soil: Very airy aroid mix with bark, perlite/pumice, coco chips, and a moisture-retentive component.",bright_indirect,even_moist,high,chunky_aroid_moist,High humidity should be paired with airflow to prevent leaf spotting and rot.,intermediate_to_advanced,likely_toxic,mvp_seed_needs_taxonomy_and_toxicity_review,"Syngonium Milk Confetti, houseplant aroid, Rare/velvety aroid, plant care, rooted plant, local pickup"
anthurium-flamingo-flower,Anthurium Flamingo Flower,Anthurium andraeanum,Flamingo lily,houseplant_aroid,AROIDS_CHUNKY,"Anthurium Flamingo Flower is a popular tropical foliage plant sold for decorative leaves, climbing/trailing habit, and easy propagation. Listings should emphasize leaf shape, variegation, pot size, and rooted cutting status.","Bright indirect to medium indirect light; protect from harsh midday sun indoors. Water when the top 30-50% of mix dries; do not leave standing in water. Average indoor humidity is usually workable; 50-70% helps larger leaves and velvety species. Soil: Chunky, airy aroid mix with potting soil/coco plus orchid bark, perlite, or pumice.",bright_indirect_to_medium,moderate_drydown,average_to_high,chunky_aroid_mix,Gentle airflow helps reduce fungal issues; avoid cold drafts and heater vents.,easy_to_intermediate,likely_toxic,mvp_seed_needs_taxonomy_and_toxicity_review,"Anthurium Flamingo Flower, houseplant aroid, Tropical aroid / chunky mix, plant care, rooted plant, local pickup"
anthurium-clarinervium,Anthurium Clarinervium,Anthurium clarinervium,,houseplant_aroid,RARE_AROIDS_HIGH_HUMIDITY,"Anthurium Clarinervium is a collector-oriented tropical aroid usually sold for distinctive leaves, venation, or variegation. Listings should be clear about root status, leaf count, humidity acclimation, and cosmetic leaf wear.","Bright filtered light; avoid direct sun on thin or velvety leaves. Keep evenly moist but never soggy; allow the upper mix to begin drying between waterings. High humidity preferred, often 60-80%, with steady warmth. Soil: Very airy aroid mix with bark, perlite/pumice, coco chips, and a moisture-retentive component.",bright_indirect,even_moist,high,chunky_aroid_moist,High humidity should be paired with airflow to prevent leaf spotting and rot.,intermediate_to_advanced,likely_toxic,mvp_seed_needs_taxonomy_and_toxicity_review,"Anthurium Clarinervium, houseplant aroid, Rare/velvety aroid, plant care, rooted plant, local pickup"
anthurium-crystallinum,Anthurium Crystallinum,Anthurium crystallinum,,houseplant_aroid,RARE_AROIDS_HIGH_HUMIDITY,"Anthurium Crystallinum is a collector-oriented tropical aroid usually sold for distinctive leaves, venation, or variegation. Listings should be clear about root status, leaf count, humidity acclimation, and cosmetic leaf wear.","Bright filtered light; avoid direct sun on thin or velvety leaves. Keep evenly moist but never soggy; allow the upper mix to begin drying between waterings. High humidity preferred, often 60-80%, with steady warmth. Soil: Very airy aroid mix with bark, perlite/pumice, coco chips, and a moisture-retentive component.",bright_indirect,even_moist,high,chunky_aroid_moist,High humidity should be paired with airflow to prevent leaf spotting and rot.,intermediate_to_advanced,likely_toxic,mvp_seed_needs_taxonomy_and_toxicity_review,"Anthurium Crystallinum, houseplant aroid, Rare/velvety aroid, plant care, rooted plant, local pickup"
anthurium-veitchii,Anthurium Veitchii,Anthurium veitchii,King anthurium,houseplant_aroid,RARE_AROIDS_HIGH_HUMIDITY,"Anthurium Veitchii is a collector-oriented tropical aroid usually sold for distinctive leaves, venation, or variegation. Listings should be clear about root status, leaf count, humidity acclimation, and cosmetic leaf wear.","Bright filtered light; avoid direct sun on thin or velvety leaves. Keep evenly moist but never soggy; allow the upper mix to begin drying between waterings. High humidity preferred, often 60-80%, with steady warmth. Soil: Very airy aroid mix with bark, perlite/pumice, coco chips, and a moisture-retentive component.",bright_indirect,even_moist,high,chunky_aroid_moist,High humidity should be paired with airflow to prevent leaf spotting and rot.,intermediate_to_advanced,likely_toxic,mvp_seed_needs_taxonomy_and_toxicity_review,"Anthurium Veitchii, houseplant aroid, Rare/velvety aroid, plant care, rooted plant, local pickup"
anthurium-warocqueanum,Anthurium Warocqueanum,Anthurium warocqueanum,Queen anthurium,houseplant_aroid,RARE_AROIDS_HIGH_HUMIDITY,"Anthurium Warocqueanum is a collector-oriented tropical aroid usually sold for distinctive leaves, venation, or variegation. Listings should be clear about root status, leaf count, humidity acclimation, and cosmetic leaf wear.","Bright filtered light; avoid direct sun on thin or velvety leaves. Keep evenly moist but never soggy; allow the upper mix to begin drying between waterings. High humidity preferred, often 60-80%, with steady warmth. Soil: Very airy aroid mix with bark, perlite/pumice, coco chips, and a moisture-retentive component.",bright_indirect,even_moist,high,chunky_aroid_moist,High humidity should be paired with airflow to prevent leaf spotting and rot.,intermediate_to_advanced,likely_toxic,mvp_seed_needs_taxonomy_and_toxicity_review,"Anthurium Warocqueanum, houseplant aroid, Rare/velvety aroid, plant care, rooted plant, local pickup"
peace-lily,Peace Lily,Spathiphyllum wallisii,Spathiphyllum,houseplant_aroid,AROIDS_CHUNKY,"Peace Lily is a popular tropical foliage plant sold for decorative leaves, climbing/trailing habit, and easy propagation. Listings should emphasize leaf shape, variegation, pot size, and rooted cutting status.","Bright indirect to medium indirect light; protect from harsh midday sun indoors. Water when the top 30-50% of mix dries; do not leave standing in water. Average indoor humidity is usually workable; 50-70% helps larger leaves and velvety species. Soil: Chunky, airy aroid mix with potting soil/coco plus orchid bark, perlite, or pumice.",bright_indirect_to_medium,moderate_drydown,average_to_high,chunky_aroid_mix,Gentle airflow helps reduce fungal issues; avoid cold drafts and heater vents.,easy_to_intermediate,likely_toxic,mvp_seed_needs_taxonomy_and_toxicity_review,"Peace Lily, houseplant aroid, Tropical aroid / chunky mix, plant care, rooted plant, local pickup"
dieffenbachia,Dieffenbachia,Dieffenbachia seguine,Dumb cane,houseplant_foliage,LOW_LIGHT_RESILIENT,Dieffenbachia is a durable foliage plant valued for tolerating typical home conditions and less frequent watering. It is a strong beginner-friendly listing with simple care and flexible light requirements.,Low to bright indirect light; growth is faster with brighter indirect light. Let soil dry well between waterings; overwatering is the main risk. Normal household humidity is fine. Soil: Well-draining indoor potting mix with perlite or pumice.,low_to_bright_indirect,low_water,average,standard_well_draining,Tolerates normal indoor air; avoid cold drafts.,easy,likely_toxic,mvp_seed_needs_taxonomy_and_toxicity_review,"Dieffenbachia, houseplant foliage, Low-light resilient foliage, plant care, rooted plant, local pickup"
aglaonema-silver-bay,Aglaonema Silver Bay,Aglaonema 'Silver Bay',Chinese evergreen,houseplant_foliage,LOW_LIGHT_RESILIENT,Aglaonema Silver Bay is a durable foliage plant valued for tolerating typical home conditions and less frequent watering. It is a strong beginner-friendly listing with simple care and flexible light requirements.,Low to bright indirect light; growth is faster with brighter indirect light. Let soil dry well between waterings; overwatering is the main risk. Normal household humidity is fine. Soil: Well-draining indoor potting mix with perlite or pumice.,low_to_bright_indirect,low_water,average,standard_well_draining,Tolerates normal indoor air; avoid cold drafts.,easy,likely_toxic,mvp_seed_needs_taxonomy_and_toxicity_review,"Aglaonema Silver Bay, houseplant foliage, Low-light resilient foliage, plant care, rooted plant, local pickup"
aglaonema-red-siam,Aglaonema Red Siam,Aglaonema 'Siam Aurora',Red aglaonema,houseplant_foliage,LOW_LIGHT_RESILIENT,Aglaonema Red Siam is a durable foliage plant valued for tolerating typical home conditions and less frequent watering. It is a strong beginner-friendly listing with simple care and flexible light requirements.,Low to bright indirect light; growth is faster with brighter indirect light. Let soil dry well between waterings; overwatering is the main risk. Normal household humidity is fine. Soil: Well-draining indoor potting mix with perlite or pumice.,low_to_bright_indirect,low_water,average,standard_well_draining,Tolerates normal indoor air; avoid cold drafts.,easy,likely_toxic,mvp_seed_needs_taxonomy_and_toxicity_review,"Aglaonema Red Siam, houseplant foliage, Low-light resilient foliage, plant care, rooted plant, local pickup"
zz-plant,ZZ Plant,Zamioculcas zamiifolia,,houseplant_foliage,LOW_LIGHT_RESILIENT,ZZ Plant is a durable foliage plant valued for tolerating typical home conditions and less frequent watering. It is a strong beginner-friendly listing with simple care and flexible light requirements.,Low to bright indirect light; growth is faster with brighter indirect light. Let soil dry well between waterings; overwatering is the main risk. Normal household humidity is fine. Soil: Well-draining indoor potting mix with perlite or pumice.,low_to_bright_indirect,low_water,average,standard_well_draining,Tolerates normal indoor air; avoid cold drafts.,easy,likely_toxic,mvp_seed_needs_taxonomy_and_toxicity_review,"ZZ Plant, houseplant foliage, Low-light resilient foliage, plant care, rooted plant, local pickup"
raven-zz-plant,Raven ZZ Plant,Zamioculcas zamiifolia 'Raven',,houseplant_foliage,LOW_LIGHT_RESILIENT,Raven ZZ Plant is a durable foliage plant valued for tolerating typical home conditions and less frequent watering. It is a strong beginner-friendly listing with simple care and flexible light requirements.,Low to bright indirect light; growth is faster with brighter indirect light. Let soil dry well between waterings; overwatering is the main risk. Normal household humidity is fine. Soil: Well-draining indoor potting mix with perlite or pumice.,low_to_bright_indirect,low_water,average,standard_well_draining,Tolerates normal indoor air; avoid cold drafts.,easy,likely_toxic,mvp_seed_needs_taxonomy_and_toxicity_review,"Raven ZZ Plant, houseplant foliage, Low-light resilient foliage, plant care, rooted plant, local pickup"
snake-plant,Snake Plant,Dracaena trifasciata,Sansevieria trifasciata,houseplant_foliage,LOW_LIGHT_RESILIENT,Snake Plant is a durable foliage plant valued for tolerating typical home conditions and less frequent watering. It is a strong beginner-friendly listing with simple care and flexible light requirements.,Low to bright indirect light; growth is faster with brighter indirect light. Let soil dry well between waterings; overwatering is the main risk. Normal household humidity is fine. Soil: Well-draining indoor potting mix with perlite or pumice.,low_to_bright_indirect,low_water,average,standard_well_draining,Tolerates normal indoor air; avoid cold drafts.,easy,likely_toxic,mvp_seed_needs_taxonomy_and_toxicity_review,"Snake Plant, houseplant foliage, Low-light resilient foliage, plant care, rooted plant, local pickup"
bird-s-nest-snake-plant,Bird's Nest Snake Plant,Dracaena trifasciata 'Hahnii',Sansevieria hahnii,houseplant_foliage,LOW_LIGHT_RESILIENT,Bird's Nest Snake Plant is a durable foliage plant valued for tolerating typical home conditions and less frequent watering. It is a strong beginner-friendly listing with simple care and flexible light requirements.,Low to bright indirect light; growth is faster with brighter indirect light. Let soil dry well between waterings; overwatering is the main risk. Normal household humidity is fine. Soil: Well-draining indoor potting mix with perlite or pumice.,low_to_bright_indirect,low_water,average,standard_well_draining,Tolerates normal indoor air; avoid cold drafts.,easy,likely_toxic,mvp_seed_needs_taxonomy_and_toxicity_review,"Bird's Nest Snake Plant, houseplant foliage, Low-light resilient foliage, plant care, rooted plant, local pickup"
moonshine-snake-plant,Moonshine Snake Plant,Dracaena trifasciata 'Moonshine',,houseplant_foliage,LOW_LIGHT_RESILIENT,Moonshine Snake Plant is a durable foliage plant valued for tolerating typical home conditions and less frequent watering. It is a strong beginner-friendly listing with simple care and flexible light requirements.,Low to bright indirect light; growth is faster with brighter indirect light. Let soil dry well between waterings; overwatering is the main risk. Normal household humidity is fine. Soil: Well-draining indoor potting mix with perlite or pumice.,low_to_bright_indirect,low_water,average,standard_well_draining,Tolerates normal indoor air; avoid cold drafts.,easy,likely_toxic,mvp_seed_needs_taxonomy_and_toxicity_review,"Moonshine Snake Plant, houseplant foliage, Low-light resilient foliage, plant care, rooted plant, local pickup"
cylindrical-snake-plant,Cylindrical Snake Plant,Dracaena angolensis,Sansevieria cylindrica,houseplant_foliage,LOW_LIGHT_RESILIENT,Cylindrical Snake Plant is a durable foliage plant valued for tolerating typical home conditions and less frequent watering. It is a strong beginner-friendly listing with simple care and flexible light requirements.,Low to bright indirect light; growth is faster with brighter indirect light. Let soil dry well between waterings; overwatering is the main risk. Normal household humidity is fine. Soil: Well-draining indoor potting mix with perlite or pumice.,low_to_bright_indirect,low_water,average,standard_well_draining,Tolerates normal indoor air; avoid cold drafts.,easy,likely_toxic,mvp_seed_needs_taxonomy_and_toxicity_review,"Cylindrical Snake Plant, houseplant foliage, Low-light resilient foliage, plant care, rooted plant, local pickup"
dragon-tree,Dragon Tree,Dracaena marginata,Madagascar dragon tree,houseplant_foliage,LOW_LIGHT_RESILIENT,Dragon Tree is a durable foliage plant valued for tolerating typical home conditions and less frequent watering. It is a strong beginner-friendly listing with simple care and flexible light requirements.,Low to bright indirect light; growth is faster with brighter indirect light. Let soil dry well between waterings; overwatering is the main risk. Normal household humidity is fine. Soil: Well-draining indoor potting mix with perlite or pumice.,low_to_bright_indirect,low_water,average,standard_well_draining,Tolerates normal indoor air; avoid cold drafts.,easy,likely_toxic,mvp_seed_needs_taxonomy_and_toxicity_review,"Dragon Tree, houseplant foliage, Low-light resilient foliage, plant care, rooted plant, local pickup"
corn-plant,Corn Plant,Dracaena fragrans,,houseplant_foliage,LOW_LIGHT_RESILIENT,Corn Plant is a durable foliage plant valued for tolerating typical home conditions and less frequent watering. It is a strong beginner-friendly listing with simple care and flexible light requirements.,Low to bright indirect light; growth is faster with brighter indirect light. Let soil dry well between waterings; overwatering is the main risk. Normal household humidity is fine. Soil: Well-draining indoor potting mix with perlite or pumice.,low_to_bright_indirect,low_water,average,standard_well_draining,Tolerates normal indoor air; avoid cold drafts.,easy,likely_toxic,mvp_seed_needs_taxonomy_and_toxicity_review,"Corn Plant, houseplant foliage, Low-light resilient foliage, plant care, rooted plant, local pickup"
janet-craig-dracaena,Janet Craig Dracaena,Dracaena deremensis 'Janet Craig',,houseplant_foliage,LOW_LIGHT_RESILIENT,Janet Craig Dracaena is a durable foliage plant valued for tolerating typical home conditions and less frequent watering. It is a strong beginner-friendly listing with simple care and flexible light requirements.,Low to bright indirect light; growth is faster with brighter indirect light. Let soil dry well between waterings; overwatering is the main risk. Normal household humidity is fine. Soil: Well-draining indoor potting mix with perlite or pumice.,low_to_bright_indirect,low_water,average,standard_well_draining,Tolerates normal indoor air; avoid cold drafts.,easy,likely_toxic,mvp_seed_needs_taxonomy_and_toxicity_review,"Janet Craig Dracaena, houseplant foliage, Low-light resilient foliage, plant care, rooted plant, local pickup"
lucky-bamboo,Lucky Bamboo,Dracaena sanderiana,,houseplant_foliage,LOW_LIGHT_RESILIENT,Lucky Bamboo is a durable foliage plant valued for tolerating typical home conditions and less frequent watering. It is a strong beginner-friendly listing with simple care and flexible light requirements.,Low to bright indirect light; growth is faster with brighter indirect light. Let soil dry well between waterings; overwatering is the main risk. Normal household humidity is fine. Soil: Well-draining indoor potting mix with perlite or pumice.,low_to_bright_indirect,low_water,average,standard_well_draining,Tolerates normal indoor air; avoid cold drafts.,easy,likely_toxic,mvp_seed_needs_taxonomy_and_toxicity_review,"Lucky Bamboo, houseplant foliage, Low-light resilient foliage, plant care, rooted plant, local pickup"
rubber-plant,Rubber Plant,Ficus elastica,,houseplant_tree,FICUS_BRIGHT,"Rubber Plant is a bright-light indoor tree or large foliage plant often sold as a statement plant. Listings should mention height, fullness, pot size, and recent acclimation because these plants prefer stable conditions.","Bright indirect light with some gentle direct sun if acclimated. Water when the top 25-40% of soil dries; keep routine consistent. Average humidity works, but avoid very dry air. Soil: Rich, well-draining potting mix; avoid compacted wet soil.",bright_indirect_to_gentle_sun,moderate_consistent,average,standard_well_draining,Avoid cold drafts and sudden moves; many ficus drop leaves after abrupt changes.,intermediate,likely_toxic,mvp_seed_needs_taxonomy_and_toxicity_review,"Rubber Plant, houseplant tree, Bright-light ficus/tree-form houseplant, plant care, rooted plant, local pickup"
fiddle-leaf-fig,Fiddle Leaf Fig,Ficus lyrata,,houseplant_tree,FICUS_BRIGHT,"Fiddle Leaf Fig is a bright-light indoor tree or large foliage plant often sold as a statement plant. Listings should mention height, fullness, pot size, and recent acclimation because these plants prefer stable conditions.","Bright indirect light with some gentle direct sun if acclimated. Water when the top 25-40% of soil dries; keep routine consistent. Average humidity works, but avoid very dry air. Soil: Rich, well-draining potting mix; avoid compacted wet soil.",bright_indirect_to_gentle_sun,moderate_consistent,average,standard_well_draining,Avoid cold drafts and sudden moves; many ficus drop leaves after abrupt changes.,intermediate,likely_toxic,mvp_seed_needs_taxonomy_and_toxicity_review,"Fiddle Leaf Fig, houseplant tree, Bright-light ficus/tree-form houseplant, plant care, rooted plant, local pickup"
weeping-fig,Weeping Fig,Ficus benjamina,,houseplant_tree,FICUS_BRIGHT,"Weeping Fig is a bright-light indoor tree or large foliage plant often sold as a statement plant. Listings should mention height, fullness, pot size, and recent acclimation because these plants prefer stable conditions.","Bright indirect light with some gentle direct sun if acclimated. Water when the top 25-40% of soil dries; keep routine consistent. Average humidity works, but avoid very dry air. Soil: Rich, well-draining potting mix; avoid compacted wet soil.",bright_indirect_to_gentle_sun,moderate_consistent,average,standard_well_draining,Avoid cold drafts and sudden moves; many ficus drop leaves after abrupt changes.,intermediate,likely_toxic,mvp_seed_needs_taxonomy_and_toxicity_review,"Weeping Fig, houseplant tree, Bright-light ficus/tree-form houseplant, plant care, rooted plant, local pickup"
ficus-audrey,Ficus Audrey,Ficus benghalensis,,houseplant_tree,FICUS_BRIGHT,"Ficus Audrey is a bright-light indoor tree or large foliage plant often sold as a statement plant. Listings should mention height, fullness, pot size, and recent acclimation because these plants prefer stable conditions.","Bright indirect light with some gentle direct sun if acclimated. Water when the top 25-40% of soil dries; keep routine consistent. Average humidity works, but avoid very dry air. Soil: Rich, well-draining potting mix; avoid compacted wet soil.",bright_indirect_to_gentle_sun,moderate_consistent,average,standard_well_draining,Avoid cold drafts and sudden moves; many ficus drop leaves after abrupt changes.,intermediate,likely_toxic,mvp_seed_needs_taxonomy_and_toxicity_review,"Ficus Audrey, houseplant tree, Bright-light ficus/tree-form houseplant, plant care, rooted plant, local pickup"
money-tree,Money Tree,Pachira aquatica,"Moneytree|Pachira glabra",houseplant_tree,PALM_TROPICAL,"Money Tree is a tropical palm or palm-like floor plant used for soft texture and indoor greenery. It is best listed with height, pot size, and whether it has been acclimated indoors.",Bright indirect to medium light depending on species. Keep slightly moist but not waterlogged; many palms dislike drying completely. Average to higher humidity; brown tips often worsen in dry air. Soil: Well-draining palm or indoor potting mix.,medium_to_bright_indirect,moderate_consistent,average_to_high,standard_well_draining,Avoid cold drafts and hot dry vents.,easy_to_intermediate,likely_nontoxic,mvp_seed_needs_taxonomy_and_toxicity_review,"Money Tree, houseplant tree, Indoor palm / tropical floor plant, plant care, rooted plant, local pickup"
dwarf-umbrella-tree,Dwarf Umbrella Tree,Schefflera arboricola,Dwarf schefflera,houseplant_tree,LOW_LIGHT_RESILIENT,Dwarf Umbrella Tree is a durable foliage plant valued for tolerating typical home conditions and less frequent watering. It is a strong beginner-friendly listing with simple care and flexible light requirements.,Low to bright indirect light; growth is faster with brighter indirect light. Let soil dry well between waterings; overwatering is the main risk. Normal household humidity is fine. Soil: Well-draining indoor potting mix with perlite or pumice.,low_to_bright_indirect,low_water,average,standard_well_draining,Tolerates normal indoor air; avoid cold drafts.,easy,likely_toxic,mvp_seed_needs_taxonomy_and_toxicity_review,"Dwarf Umbrella Tree, houseplant tree, Low-light resilient foliage, plant care, rooted plant, local pickup"
umbrella-tree,Umbrella Tree,Schefflera actinophylla,,houseplant_tree,FICUS_BRIGHT,"Umbrella Tree is a bright-light indoor tree or large foliage plant often sold as a statement plant. Listings should mention height, fullness, pot size, and recent acclimation because these plants prefer stable conditions.","Bright indirect light with some gentle direct sun if acclimated. Water when the top 25-40% of soil dries; keep routine consistent. Average humidity works, but avoid very dry air. Soil: Rich, well-draining potting mix; avoid compacted wet soil.",bright_indirect_to_gentle_sun,moderate_consistent,average,standard_well_draining,Avoid cold drafts and sudden moves; many ficus drop leaves after abrupt changes.,intermediate,likely_toxic,mvp_seed_needs_taxonomy_and_toxicity_review,"Umbrella Tree, houseplant tree, Bright-light ficus/tree-form houseplant, plant care, rooted plant, local pickup"
baby-rubber-plant,Baby Rubber Plant,Peperomia obtusifolia,Peperomia,houseplant_foliage,LOW_LIGHT_RESILIENT,Baby Rubber Plant is a durable foliage plant valued for tolerating typical home conditions and less frequent watering. It is a strong beginner-friendly listing with simple care and flexible light requirements.,Low to bright indirect light; growth is faster with brighter indirect light. Let soil dry well between waterings; overwatering is the main risk. Normal household humidity is fine. Soil: Well-draining indoor potting mix with perlite or pumice.,low_to_bright_indirect,low_water,average,standard_well_draining,Tolerates normal indoor air; avoid cold drafts.,easy,likely_nontoxic,mvp_seed_needs_taxonomy_and_toxicity_review,"Baby Rubber Plant, houseplant foliage, Low-light resilient foliage, plant care, rooted plant, local pickup"
watermelon-peperomia,Watermelon Peperomia,Peperomia argyreia,,houseplant_foliage,LOW_LIGHT_RESILIENT,Watermelon Peperomia is a durable foliage plant valued for tolerating typical home conditions and less frequent watering. It is a strong beginner-friendly listing with simple care and flexible light requirements.,Low to bright indirect light; growth is faster with brighter indirect light. Let soil dry well between waterings; overwatering is the main risk. Normal household humidity is fine. Soil: Well-draining indoor potting mix with perlite or pumice.,low_to_bright_indirect,low_water,average,standard_well_draining,Tolerates normal indoor air; avoid cold drafts.,easy,likely_nontoxic,mvp_seed_needs_taxonomy_and_toxicity_review,"Watermelon Peperomia, houseplant foliage, Low-light resilient foliage, plant care, rooted plant, local pickup"
ripple-peperomia,Ripple Peperomia,Peperomia caperata,,houseplant_foliage,LOW_LIGHT_RESILIENT,Ripple Peperomia is a durable foliage plant valued for tolerating typical home conditions and less frequent watering. It is a strong beginner-friendly listing with simple care and flexible light requirements.,Low to bright indirect light; growth is faster with brighter indirect light. Let soil dry well between waterings; overwatering is the main risk. Normal household humidity is fine. Soil: Well-draining indoor potting mix with perlite or pumice.,low_to_bright_indirect,low_water,average,standard_well_draining,Tolerates normal indoor air; avoid cold drafts.,easy,likely_nontoxic,mvp_seed_needs_taxonomy_and_toxicity_review,"Ripple Peperomia, houseplant foliage, Low-light resilient foliage, plant care, rooted plant, local pickup"
peperomia-hope,Peperomia Hope,Peperomia tetraphylla 'Hope',,houseplant_foliage,LOW_LIGHT_RESILIENT,Peperomia Hope is a durable foliage plant valued for tolerating typical home conditions and less frequent watering. It is a strong beginner-friendly listing with simple care and flexible light requirements.,Low to bright indirect light; growth is faster with brighter indirect light. Let soil dry well between waterings; overwatering is the main risk. Normal household humidity is fine. Soil: Well-draining indoor potting mix with perlite or pumice.,low_to_bright_indirect,low_water,average,standard_well_draining,Tolerates normal indoor air; avoid cold drafts.,easy,likely_nontoxic,mvp_seed_needs_taxonomy_and_toxicity_review,"Peperomia Hope, houseplant foliage, Low-light resilient foliage, plant care, rooted plant, local pickup"
chinese-money-plant,Chinese Money Plant,Pilea peperomioides,Pilea,houseplant_foliage,LOW_LIGHT_RESILIENT,Chinese Money Plant is a durable foliage plant valued for tolerating typical home conditions and less frequent watering. It is a strong beginner-friendly listing with simple care and flexible light requirements.,Low to bright indirect light; growth is faster with brighter indirect light. Let soil dry well between waterings; overwatering is the main risk. Normal household humidity is fine. Soil: Well-draining indoor potting mix with perlite or pumice.,low_to_bright_indirect,low_water,average,standard_well_draining,Tolerates normal indoor air; avoid cold drafts.,easy,likely_nontoxic,mvp_seed_needs_taxonomy_and_toxicity_review,"Chinese Money Plant, houseplant foliage, Low-light resilient foliage, plant care, rooted plant, local pickup"
spider-plant,Spider Plant,Chlorophytum comosum,,houseplant_foliage,LOW_LIGHT_RESILIENT,Spider Plant is a durable foliage plant valued for tolerating typical home conditions and less frequent watering. It is a strong beginner-friendly listing with simple care and flexible light requirements.,Low to bright indirect light; growth is faster with brighter indirect light. Let soil dry well between waterings; overwatering is the main risk. Normal household humidity is fine. Soil: Well-draining indoor potting mix with perlite or pumice.,low_to_bright_indirect,low_water,average,standard_well_draining,Tolerates normal indoor air; avoid cold drafts.,easy,likely_nontoxic,mvp_seed_needs_taxonomy_and_toxicity_review,"Spider Plant, houseplant foliage, Low-light resilient foliage, plant care, rooted plant, local pickup"
cast-iron-plant,Cast Iron Plant,Aspidistra elatior,,houseplant_foliage,LOW_LIGHT_RESILIENT,Cast Iron Plant is a durable foliage plant valued for tolerating typical home conditions and less frequent watering. It is a strong beginner-friendly listing with simple care and flexible light requirements.,Low to bright indirect light; growth is faster with brighter indirect light. Let soil dry well between waterings; overwatering is the main risk. Normal household humidity is fine. Soil: Well-draining indoor potting mix with perlite or pumice.,low_to_bright_indirect,low_water,average,standard_well_draining,Tolerates normal indoor air; avoid cold drafts.,easy,likely_nontoxic,mvp_seed_needs_taxonomy_and_toxicity_review,"Cast Iron Plant, houseplant foliage, Low-light resilient foliage, plant care, rooted plant, local pickup"
bird-of-paradise,Bird of Paradise,Strelitzia reginae,,houseplant_tree,FICUS_BRIGHT,"Bird of Paradise is a bright-light indoor tree or large foliage plant often sold as a statement plant. Listings should mention height, fullness, pot size, and recent acclimation because these plants prefer stable conditions.","Bright indirect light with some gentle direct sun if acclimated. Water when the top 25-40% of soil dries; keep routine consistent. Average humidity works, but avoid very dry air. Soil: Rich, well-draining potting mix; avoid compacted wet soil.",bright_indirect_to_gentle_sun,moderate_consistent,average,standard_well_draining,Avoid cold drafts and sudden moves; many ficus drop leaves after abrupt changes.,intermediate,likely_toxic,mvp_seed_needs_taxonomy_and_toxicity_review,"Bird of Paradise, houseplant tree, Bright-light ficus/tree-form houseplant, plant care, rooted plant, local pickup"
dwarf-banana,Dwarf Banana,Musa acuminata 'Dwarf Cavendish',Dwarf Cavendish banana,houseplant_tree,PALM_TROPICAL,"Dwarf Banana is a tropical palm or palm-like floor plant used for soft texture and indoor greenery. It is best listed with height, pot size, and whether it has been acclimated indoors.",Bright indirect to medium light depending on species. Keep slightly moist but not waterlogged; many palms dislike drying completely. Average to higher humidity; brown tips often worsen in dry air. Soil: Well-draining palm or indoor potting mix.,medium_to_bright_indirect,moderate_consistent,average_to_high,standard_well_draining,Avoid cold drafts and hot dry vents.,easy_to_intermediate,likely_nontoxic,mvp_seed_needs_taxonomy_and_toxicity_review,"Dwarf Banana, houseplant tree, Indoor palm / tropical floor plant, plant care, rooted plant, local pickup"
norfolk-island-pine,Norfolk Island Pine,Araucaria heterophylla,,houseplant_tree,PALM_TROPICAL,"Norfolk Island Pine is a tropical palm or palm-like floor plant used for soft texture and indoor greenery. It is best listed with height, pot size, and whether it has been acclimated indoors.",Bright indirect to medium light depending on species. Keep slightly moist but not waterlogged; many palms dislike drying completely. Average to higher humidity; brown tips often worsen in dry air. Soil: Well-draining palm or indoor potting mix.,medium_to_bright_indirect,moderate_consistent,average_to_high,standard_well_draining,Avoid cold drafts and hot dry vents.,easy_to_intermediate,verify,mvp_seed_needs_taxonomy_and_toxicity_review,"Norfolk Island Pine, houseplant tree, Indoor palm / tropical floor plant, plant care, rooted plant, local pickup"
buddhist-pine,Buddhist Pine,Podocarpus macrophyllus,Podocarpus,houseplant_tree,FICUS_BRIGHT,"Buddhist Pine is a bright-light indoor tree or large foliage plant often sold as a statement plant. Listings should mention height, fullness, pot size, and recent acclimation because these plants prefer stable conditions.","Bright indirect light with some gentle direct sun if acclimated. Water when the top 25-40% of soil dries; keep routine consistent. Average humidity works, but avoid very dry air. Soil: Rich, well-draining potting mix; avoid compacted wet soil.",bright_indirect_to_gentle_sun,moderate_consistent,average,standard_well_draining,Avoid cold drafts and sudden moves; many ficus drop leaves after abrupt changes.,intermediate,likely_toxic,mvp_seed_needs_taxonomy_and_toxicity_review,"Buddhist Pine, houseplant tree, Bright-light ficus/tree-form houseplant, plant care, rooted plant, local pickup"
ponytail-palm,Ponytail Palm,Beaucarnea recurvata,,houseplant_succulent,SUCCULENT,"Ponytail Palm is a succulent valued for shape, color, drought tolerance, and easy shipping. Listings should mention light exposure, size, rooted status, and whether it has been grown indoors or outdoors.","Very bright light; many need several hours of direct sun or strong grow light. Soak thoroughly, then let mix dry completely before watering again. Low to average humidity is fine. Soil: Fast-draining cactus/succulent mix with pumice, perlite, or grit.",bright_to_direct,dry_cycle,low_to_average,cactus_succulent_gritty,Good airflow and dry leaves/crowns help prevent rot.,easy_to_intermediate,likely_nontoxic,mvp_seed_needs_taxonomy_and_toxicity_review,"Ponytail Palm, houseplant succulent, Succulent / dryland plant, plant care, rooted plant, local pickup"
areca-palm,Areca Palm,Dypsis lutescens,Butterfly palm,houseplant_palm,PALM_TROPICAL,"Areca Palm is a tropical palm or palm-like floor plant used for soft texture and indoor greenery. It is best listed with height, pot size, and whether it has been acclimated indoors.",Bright indirect to medium light depending on species. Keep slightly moist but not waterlogged; many palms dislike drying completely. Average to higher humidity; brown tips often worsen in dry air. Soil: Well-draining palm or indoor potting mix.,medium_to_bright_indirect,moderate_consistent,average_to_high,standard_well_draining,Avoid cold drafts and hot dry vents.,easy_to_intermediate,likely_nontoxic,mvp_seed_needs_taxonomy_and_toxicity_review,"Areca Palm, houseplant palm, Indoor palm / tropical floor plant, plant care, rooted plant, local pickup"
parlor-palm,Parlor Palm,Chamaedorea elegans,,houseplant_palm,PALM_TROPICAL,"Parlor Palm is a tropical palm or palm-like floor plant used for soft texture and indoor greenery. It is best listed with height, pot size, and whether it has been acclimated indoors.",Bright indirect to medium light depending on species. Keep slightly moist but not waterlogged; many palms dislike drying completely. Average to higher humidity; brown tips often worsen in dry air. Soil: Well-draining palm or indoor potting mix.,medium_to_bright_indirect,moderate_consistent,average_to_high,standard_well_draining,Avoid cold drafts and hot dry vents.,easy_to_intermediate,likely_nontoxic,mvp_seed_needs_taxonomy_and_toxicity_review,"Parlor Palm, houseplant palm, Indoor palm / tropical floor plant, plant care, rooted plant, local pickup"
majesty-palm,Majesty Palm,Ravenea rivularis,,houseplant_palm,PALM_TROPICAL,"Majesty Palm is a tropical palm or palm-like floor plant used for soft texture and indoor greenery. It is best listed with height, pot size, and whether it has been acclimated indoors.",Bright indirect to medium light depending on species. Keep slightly moist but not waterlogged; many palms dislike drying completely. Average to higher humidity; brown tips often worsen in dry air. Soil: Well-draining palm or indoor potting mix.,medium_to_bright_indirect,moderate_consistent,average_to_high,standard_well_draining,Avoid cold drafts and hot dry vents.,easy_to_intermediate,likely_nontoxic,mvp_seed_needs_taxonomy_and_toxicity_review,"Majesty Palm, houseplant palm, Indoor palm / tropical floor plant, plant care, rooted plant, local pickup"
cat-palm,Cat Palm,Chamaedorea cataractarum,,houseplant_palm,PALM_TROPICAL,"Cat Palm is a tropical palm or palm-like floor plant used for soft texture and indoor greenery. It is best listed with height, pot size, and whether it has been acclimated indoors.",Bright indirect to medium light depending on species. Keep slightly moist but not waterlogged; many palms dislike drying completely. Average to higher humidity; brown tips often worsen in dry air. Soil: Well-draining palm or indoor potting mix.,medium_to_bright_indirect,moderate_consistent,average_to_high,standard_well_draining,Avoid cold drafts and hot dry vents.,easy_to_intermediate,likely_nontoxic,mvp_seed_needs_taxonomy_and_toxicity_review,"Cat Palm, houseplant palm, Indoor palm / tropical floor plant, plant care, rooted plant, local pickup"
kentia-palm,Kentia Palm,Howea forsteriana,,houseplant_palm,PALM_TROPICAL,"Kentia Palm is a tropical palm or palm-like floor plant used for soft texture and indoor greenery. It is best listed with height, pot size, and whether it has been acclimated indoors.",Bright indirect to medium light depending on species. Keep slightly moist but not waterlogged; many palms dislike drying completely. Average to higher humidity; brown tips often worsen in dry air. Soil: Well-draining palm or indoor potting mix.,medium_to_bright_indirect,moderate_consistent,average_to_high,standard_well_draining,Avoid cold drafts and hot dry vents.,easy_to_intermediate,likely_nontoxic,mvp_seed_needs_taxonomy_and_toxicity_review,"Kentia Palm, houseplant palm, Indoor palm / tropical floor plant, plant care, rooted plant, local pickup"
yucca-cane,Yucca Cane,Yucca gigantea,Spineless yucca,houseplant_succulent,SUCCULENT,"Yucca Cane is a succulent valued for shape, color, drought tolerance, and easy shipping. Listings should mention light exposure, size, rooted status, and whether it has been grown indoors or outdoors.","Very bright light; many need several hours of direct sun or strong grow light. Soak thoroughly, then let mix dry completely before watering again. Low to average humidity is fine. Soil: Fast-draining cactus/succulent mix with pumice, perlite, or grit.",bright_to_direct,dry_cycle,low_to_average,cactus_succulent_gritty,Good airflow and dry leaves/crowns help prevent rot.,easy_to_intermediate,likely_toxic,mvp_seed_needs_taxonomy_and_toxicity_review,"Yucca Cane, houseplant succulent, Succulent / dryland plant, plant care, rooted plant, local pickup"
ti-plant,Ti Plant,Cordyline fruticosa,Cordyline,houseplant_foliage,PALM_TROPICAL,"Ti Plant is a tropical palm or palm-like floor plant used for soft texture and indoor greenery. It is best listed with height, pot size, and whether it has been acclimated indoors.",Bright indirect to medium light depending on species. Keep slightly moist but not waterlogged; many palms dislike drying completely. Average to higher humidity; brown tips often worsen in dry air. Soil: Well-draining palm or indoor potting mix.,medium_to_bright_indirect,moderate_consistent,average_to_high,standard_well_draining,Avoid cold drafts and hot dry vents.,easy_to_intermediate,likely_toxic,mvp_seed_needs_taxonomy_and_toxicity_review,"Ti Plant, houseplant foliage, Indoor palm / tropical floor plant, plant care, rooted plant, local pickup"
croton,Croton,Codiaeum variegatum,,houseplant_foliage,FICUS_BRIGHT,"Croton is a bright-light indoor tree or large foliage plant often sold as a statement plant. Listings should mention height, fullness, pot size, and recent acclimation because these plants prefer stable conditions.","Bright indirect light with some gentle direct sun if acclimated. Water when the top 25-40% of soil dries; keep routine consistent. Average humidity works, but avoid very dry air. Soil: Rich, well-draining potting mix; avoid compacted wet soil.",bright_indirect_to_gentle_sun,moderate_consistent,average,standard_well_draining,Avoid cold drafts and sudden moves; many ficus drop leaves after abrupt changes.,intermediate,likely_toxic,mvp_seed_needs_taxonomy_and_toxicity_review,"Croton, houseplant foliage, Bright-light ficus/tree-form houseplant, plant care, rooted plant, local pickup"
polka-dot-plant,Polka Dot Plant,Hypoestes phyllostachya,,houseplant_foliage,FLOWERING_POT,"Polka Dot Plant is a flowering or seasonal potted plant bought for color, gifts, or windowsill display. Listings should mention bloom status, bud count, and whether it is actively flowering.","Bright indirect light; some gentle sun supports blooms. Keep evenly moist while blooming, then adjust for dormancy or rest period. Average indoor humidity works for most. Soil: Quality potting mix with drainage.",bright_indirect_to_part_sun,even_moist_seasonal,average,standard_well_draining,Avoid hot vents; remove spent blooms and yellow leaves.,easy_to_intermediate,likely_nontoxic,mvp_seed_needs_taxonomy_and_toxicity_review,"Polka Dot Plant, houseplant foliage, Flowering potted plant, plant care, rooted plant, local pickup"
nerve-plant,Nerve Plant,Fittonia albivenis,Fittonia,houseplant_foliage,CALATHEA_PRAYER,"Nerve Plant is grown for patterned, moving, or colorful foliage. It appeals to collectors but should be listed with honest humidity, water, and cosmetic-edge expectations.","Medium to bright indirect light; avoid direct sun that fades or scorches leaves. Keep lightly and evenly moist; avoid fully drying out or staying soggy. Prefers higher humidity, often 50-70%; sensitive to dry air. Soil: Moisture-retentive but draining mix with coco/peat and perlite.",medium_to_bright_indirect,even_moist,high,moist_well_draining,"Avoid cold drafts, hot vents, and stagnant wet foliage.",intermediate,likely_nontoxic,mvp_seed_needs_taxonomy_and_toxicity_review,"Nerve Plant, houseplant foliage, Prayer plant / calathea humidity-sensitive foliage, plant care, rooted plant, local pickup"
red-prayer-plant,Red Prayer Plant,Maranta leuconeura,Prayer plant,houseplant_foliage,CALATHEA_PRAYER,"Red Prayer Plant is grown for patterned, moving, or colorful foliage. It appeals to collectors but should be listed with honest humidity, water, and cosmetic-edge expectations.","Medium to bright indirect light; avoid direct sun that fades or scorches leaves. Keep lightly and evenly moist; avoid fully drying out or staying soggy. Prefers higher humidity, often 50-70%; sensitive to dry air. Soil: Moisture-retentive but draining mix with coco/peat and perlite.",medium_to_bright_indirect,even_moist,high,moist_well_draining,"Avoid cold drafts, hot vents, and stagnant wet foliage.",intermediate,likely_nontoxic,mvp_seed_needs_taxonomy_and_toxicity_review,"Red Prayer Plant, houseplant foliage, Prayer plant / calathea humidity-sensitive foliage, plant care, rooted plant, local pickup"
calathea-ornata,Calathea Ornata,Goeppertia ornata,Pinstripe calathea,houseplant_foliage,CALATHEA_PRAYER,"Calathea Ornata is grown for patterned, moving, or colorful foliage. It appeals to collectors but should be listed with honest humidity, water, and cosmetic-edge expectations.","Medium to bright indirect light; avoid direct sun that fades or scorches leaves. Keep lightly and evenly moist; avoid fully drying out or staying soggy. Prefers higher humidity, often 50-70%; sensitive to dry air. Soil: Moisture-retentive but draining mix with coco/peat and perlite.",medium_to_bright_indirect,even_moist,high,moist_well_draining,"Avoid cold drafts, hot vents, and stagnant wet foliage.",intermediate,likely_nontoxic,mvp_seed_needs_taxonomy_and_toxicity_review,"Calathea Ornata, houseplant foliage, Prayer plant / calathea humidity-sensitive foliage, plant care, rooted plant, local pickup"
rattlesnake-calathea,Rattlesnake Calathea,Goeppertia insignis,Calathea lancifolia,houseplant_foliage,CALATHEA_PRAYER,"Rattlesnake Calathea is grown for patterned, moving, or colorful foliage. It appeals to collectors but should be listed with honest humidity, water, and cosmetic-edge expectations.","Medium to bright indirect light; avoid direct sun that fades or scorches leaves. Keep lightly and evenly moist; avoid fully drying out or staying soggy. Prefers higher humidity, often 50-70%; sensitive to dry air. Soil: Moisture-retentive but draining mix with coco/peat and perlite.",medium_to_bright_indirect,even_moist,high,moist_well_draining,"Avoid cold drafts, hot vents, and stagnant wet foliage.",intermediate,likely_nontoxic,mvp_seed_needs_taxonomy_and_toxicity_review,"Rattlesnake Calathea, houseplant foliage, Prayer plant / calathea humidity-sensitive foliage, plant care, rooted plant, local pickup"
calathea-medallion,Calathea Medallion,Goeppertia veitchiana,Medallion calathea,houseplant_foliage,CALATHEA_PRAYER,"Calathea Medallion is grown for patterned, moving, or colorful foliage. It appeals to collectors but should be listed with honest humidity, water, and cosmetic-edge expectations.","Medium to bright indirect light; avoid direct sun that fades or scorches leaves. Keep lightly and evenly moist; avoid fully drying out or staying soggy. Prefers higher humidity, often 50-70%; sensitive to dry air. Soil: Moisture-retentive but draining mix with coco/peat and perlite.",medium_to_bright_indirect,even_moist,high,moist_well_draining,"Avoid cold drafts, hot vents, and stagnant wet foliage.",intermediate,likely_nontoxic,mvp_seed_needs_taxonomy_and_toxicity_review,"Calathea Medallion, houseplant foliage, Prayer plant / calathea humidity-sensitive foliage, plant care, rooted plant, local pickup"
calathea-orbifolia,Calathea Orbifolia,Goeppertia orbifolia,,houseplant_foliage,CALATHEA_PRAYER,"Calathea Orbifolia is grown for patterned, moving, or colorful foliage. It appeals to collectors but should be listed with honest humidity, water, and cosmetic-edge expectations.","Medium to bright indirect light; avoid direct sun that fades or scorches leaves. Keep lightly and evenly moist; avoid fully drying out or staying soggy. Prefers higher humidity, often 50-70%; sensitive to dry air. Soil: Moisture-retentive but draining mix with coco/peat and perlite.",medium_to_bright_indirect,even_moist,high,moist_well_draining,"Avoid cold drafts, hot vents, and stagnant wet foliage.",intermediate,likely_nontoxic,mvp_seed_needs_taxonomy_and_toxicity_review,"Calathea Orbifolia, houseplant foliage, Prayer plant / calathea humidity-sensitive foliage, plant care, rooted plant, local pickup"
stromanthe-triostar,Stromanthe Triostar,Stromanthe sanguinea 'Triostar',,houseplant_foliage,CALATHEA_PRAYER,"Stromanthe Triostar is grown for patterned, moving, or colorful foliage. It appeals to collectors but should be listed with honest humidity, water, and cosmetic-edge expectations.","Medium to bright indirect light; avoid direct sun that fades or scorches leaves. Keep lightly and evenly moist; avoid fully drying out or staying soggy. Prefers higher humidity, often 50-70%; sensitive to dry air. Soil: Moisture-retentive but draining mix with coco/peat and perlite.",medium_to_bright_indirect,even_moist,high,moist_well_draining,"Avoid cold drafts, hot vents, and stagnant wet foliage.",intermediate,likely_nontoxic,mvp_seed_needs_taxonomy_and_toxicity_review,"Stromanthe Triostar, houseplant foliage, Prayer plant / calathea humidity-sensitive foliage, plant care, rooted plant, local pickup"
ctenanthe-burle-marxii,Ctenanthe Burle-Marxii,Ctenanthe burle-marxii,Fishbone prayer plant,houseplant_foliage,CALATHEA_PRAYER,"Ctenanthe Burle-Marxii is grown for patterned, moving, or colorful foliage. It appeals to collectors but should be listed with honest humidity, water, and cosmetic-edge expectations.","Medium to bright indirect light; avoid direct sun that fades or scorches leaves. Keep lightly and evenly moist; avoid fully drying out or staying soggy. Prefers higher humidity, often 50-70%; sensitive to dry air. Soil: Moisture-retentive but draining mix with coco/peat and perlite.",medium_to_bright_indirect,even_moist,high,moist_well_draining,"Avoid cold drafts, hot vents, and stagnant wet foliage.",intermediate,likely_nontoxic,mvp_seed_needs_taxonomy_and_toxicity_review,"Ctenanthe Burle-Marxii, houseplant foliage, Prayer plant / calathea humidity-sensitive foliage, plant care, rooted plant, local pickup"
alocasia-polly,Alocasia Polly,Alocasia x amazonica 'Polly',African mask plant,houseplant_aroid,ALOCASIA,"Alocasia Polly is a tropical elephant-ear style plant with bold leaves and a seasonal growth rhythm. Listings should mention corm/leaf status, acclimation, and whether the plant is actively growing or entering dormancy.","Bright indirect light; some morning sun can work after acclimation. Keep evenly moist during growth, letting the top layer dry; reduce watering in dormancy. Moderate to high humidity, ideally 50-70%. Soil: Chunky but moisture-retentive mix; avoid dense wet soil around corms.",bright_indirect,even_moist_seasonal,high,chunky_aroid_moist,Good airflow helps prevent pests and fungal spots in humid setups.,intermediate,likely_toxic,mvp_seed_needs_taxonomy_and_toxicity_review,"Alocasia Polly, houseplant aroid, Alocasia / elephant-ear tropical, plant care, rooted plant, local pickup"
alocasia-frydek,Alocasia Frydek,Alocasia micholitziana 'Frydek',,houseplant_aroid,ALOCASIA,"Alocasia Frydek is a tropical elephant-ear style plant with bold leaves and a seasonal growth rhythm. Listings should mention corm/leaf status, acclimation, and whether the plant is actively growing or entering dormancy.","Bright indirect light; some morning sun can work after acclimation. Keep evenly moist during growth, letting the top layer dry; reduce watering in dormancy. Moderate to high humidity, ideally 50-70%. Soil: Chunky but moisture-retentive mix; avoid dense wet soil around corms.",bright_indirect,even_moist_seasonal,high,chunky_aroid_moist,Good airflow helps prevent pests and fungal spots in humid setups.,intermediate,likely_toxic,mvp_seed_needs_taxonomy_and_toxicity_review,"Alocasia Frydek, houseplant aroid, Alocasia / elephant-ear tropical, plant care, rooted plant, local pickup"
alocasia-black-velvet,Alocasia Black Velvet,Alocasia reginula 'Black Velvet',,houseplant_aroid,ALOCASIA,"Alocasia Black Velvet is a tropical elephant-ear style plant with bold leaves and a seasonal growth rhythm. Listings should mention corm/leaf status, acclimation, and whether the plant is actively growing or entering dormancy.","Bright indirect light; some morning sun can work after acclimation. Keep evenly moist during growth, letting the top layer dry; reduce watering in dormancy. Moderate to high humidity, ideally 50-70%. Soil: Chunky but moisture-retentive mix; avoid dense wet soil around corms.",bright_indirect,even_moist_seasonal,high,chunky_aroid_moist,Good airflow helps prevent pests and fungal spots in humid setups.,intermediate,likely_toxic,mvp_seed_needs_taxonomy_and_toxicity_review,"Alocasia Black Velvet, houseplant aroid, Alocasia / elephant-ear tropical, plant care, rooted plant, local pickup"
alocasia-silver-dragon,Alocasia Silver Dragon,Alocasia baginda 'Silver Dragon',,houseplant_aroid,ALOCASIA,"Alocasia Silver Dragon is a tropical elephant-ear style plant with bold leaves and a seasonal growth rhythm. Listings should mention corm/leaf status, acclimation, and whether the plant is actively growing or entering dormancy.","Bright indirect light; some morning sun can work after acclimation. Keep evenly moist during growth, letting the top layer dry; reduce watering in dormancy. Moderate to high humidity, ideally 50-70%. Soil: Chunky but moisture-retentive mix; avoid dense wet soil around corms.",bright_indirect,even_moist_seasonal,high,chunky_aroid_moist,Good airflow helps prevent pests and fungal spots in humid setups.,intermediate,likely_toxic,mvp_seed_needs_taxonomy_and_toxicity_review,"Alocasia Silver Dragon, houseplant aroid, Alocasia / elephant-ear tropical, plant care, rooted plant, local pickup"
alocasia-dragon-scale,Alocasia Dragon Scale,Alocasia baginda 'Dragon Scale',,houseplant_aroid,ALOCASIA,"Alocasia Dragon Scale is a tropical elephant-ear style plant with bold leaves and a seasonal growth rhythm. Listings should mention corm/leaf status, acclimation, and whether the plant is actively growing or entering dormancy.","Bright indirect light; some morning sun can work after acclimation. Keep evenly moist during growth, letting the top layer dry; reduce watering in dormancy. Moderate to high humidity, ideally 50-70%. Soil: Chunky but moisture-retentive mix; avoid dense wet soil around corms.",bright_indirect,even_moist_seasonal,high,chunky_aroid_moist,Good airflow helps prevent pests and fungal spots in humid setups.,intermediate,likely_toxic,mvp_seed_needs_taxonomy_and_toxicity_review,"Alocasia Dragon Scale, houseplant aroid, Alocasia / elephant-ear tropical, plant care, rooted plant, local pickup"
black-magic-elephant-ear,Black Magic Elephant Ear,Colocasia esculenta 'Black Magic',Black elephant ear,outdoor_tropical,ALOCASIA,"Black Magic Elephant Ear is a tropical elephant-ear style plant with bold leaves and a seasonal growth rhythm. Listings should mention corm/leaf status, acclimation, and whether the plant is actively growing or entering dormancy.","Bright indirect light; some morning sun can work after acclimation. Keep evenly moist during growth, letting the top layer dry; reduce watering in dormancy. Moderate to high humidity, ideally 50-70%. Soil: Chunky but moisture-retentive mix; avoid dense wet soil around corms.",bright_indirect,even_moist_seasonal,high,chunky_aroid_moist,Good airflow helps prevent pests and fungal spots in humid setups.,intermediate,likely_toxic,mvp_seed_needs_taxonomy_and_toxicity_review,"Black Magic Elephant Ear, outdoor tropical, Alocasia / elephant-ear tropical, plant care, rooted plant, local pickup"
lime-zinger-elephant-ear,Lime Zinger Elephant Ear,Xanthosoma aurea 'Lime Zinger',,outdoor_tropical,ALOCASIA,"Lime Zinger Elephant Ear is a tropical elephant-ear style plant with bold leaves and a seasonal growth rhythm. Listings should mention corm/leaf status, acclimation, and whether the plant is actively growing or entering dormancy.","Bright indirect light; some morning sun can work after acclimation. Keep evenly moist during growth, letting the top layer dry; reduce watering in dormancy. Moderate to high humidity, ideally 50-70%. Soil: Chunky but moisture-retentive mix; avoid dense wet soil around corms.",bright_indirect,even_moist_seasonal,high,chunky_aroid_moist,Good airflow helps prevent pests and fungal spots in humid setups.,intermediate,likely_toxic,mvp_seed_needs_taxonomy_and_toxicity_review,"Lime Zinger Elephant Ear, outdoor tropical, Alocasia / elephant-ear tropical, plant care, rooted plant, local pickup"
rex-begonia,Rex Begonia,Begonia rex-cultorum,,houseplant_foliage,BEGONIA_FLOWERING,"Rex Begonia is a decorative begonia valued for flowers, patterned leaves, or colorful growth. Listings should show clear leaf photos and mention airflow, light, and watering habits.","Bright indirect light; some morning sun can help flowering. Let the top layer dry, then water thoroughly; avoid wet leaves and soggy roots. Average to moderate humidity; airflow matters more than misting. Soil: Light, well-draining potting mix.",bright_indirect,moderate_drydown,average_to_high,standard_well_draining,Good airflow prevents powdery mildew and leaf spotting.,easy_to_intermediate,likely_toxic,mvp_seed_needs_taxonomy_and_toxicity_review,"Rex Begonia, houseplant foliage, Begonia / flowering foliage tropical, plant care, rooted plant, local pickup"
angel-wing-begonia,Angel Wing Begonia,Begonia coccinea,,houseplant_foliage,BEGONIA_FLOWERING,"Angel Wing Begonia is a decorative begonia valued for flowers, patterned leaves, or colorful growth. Listings should show clear leaf photos and mention airflow, light, and watering habits.","Bright indirect light; some morning sun can help flowering. Let the top layer dry, then water thoroughly; avoid wet leaves and soggy roots. Average to moderate humidity; airflow matters more than misting. Soil: Light, well-draining potting mix.",bright_indirect,moderate_drydown,average_to_high,standard_well_draining,Good airflow prevents powdery mildew and leaf spotting.,easy_to_intermediate,likely_toxic,mvp_seed_needs_taxonomy_and_toxicity_review,"Angel Wing Begonia, houseplant foliage, Begonia / flowering foliage tropical, plant care, rooted plant, local pickup"
wax-begonia,Wax Begonia,Begonia semperflorens-cultorum,,outdoor_annual,BEGONIA_FLOWERING,"Wax Begonia is a decorative begonia valued for flowers, patterned leaves, or colorful growth. Listings should show clear leaf photos and mention airflow, light, and watering habits.","Bright indirect light; some morning sun can help flowering. Let the top layer dry, then water thoroughly; avoid wet leaves and soggy roots. Average to moderate humidity; airflow matters more than misting. Soil: Light, well-draining potting mix.",bright_indirect,moderate_drydown,average_to_high,standard_well_draining,Good airflow prevents powdery mildew and leaf spotting.,easy_to_intermediate,likely_toxic,mvp_seed_needs_taxonomy_and_toxicity_review,"Wax Begonia, outdoor annual, Begonia / flowering foliage tropical, plant care, rooted plant, local pickup"
african-violet,African Violet,Saintpaulia ionantha,,houseplant_flowering,FLOWERING_POT,"African Violet is a flowering or seasonal potted plant bought for color, gifts, or windowsill display. Listings should mention bloom status, bud count, and whether it is actively flowering.","Bright indirect light; some gentle sun supports blooms. Keep evenly moist while blooming, then adjust for dormancy or rest period. Average indoor humidity works for most. Soil: Quality potting mix with drainage.",bright_indirect_to_part_sun,even_moist_seasonal,average,standard_well_draining,Avoid hot vents; remove spent blooms and yellow leaves.,easy_to_intermediate,likely_nontoxic,mvp_seed_needs_taxonomy_and_toxicity_review,"African Violet, houseplant flowering, Flowering potted plant, plant care, rooted plant, local pickup"
kalanchoe,Kalanchoe,Kalanchoe blossfeldiana,Florist kalanchoe,houseplant_succulent,SUCCULENT,"Kalanchoe is a succulent valued for shape, color, drought tolerance, and easy shipping. Listings should mention light exposure, size, rooted status, and whether it has been grown indoors or outdoors.","Very bright light; many need several hours of direct sun or strong grow light. Soak thoroughly, then let mix dry completely before watering again. Low to average humidity is fine. Soil: Fast-draining cactus/succulent mix with pumice, perlite, or grit.",bright_to_direct,dry_cycle,low_to_average,cactus_succulent_gritty,Good airflow and dry leaves/crowns help prevent rot.,easy_to_intermediate,likely_toxic,mvp_seed_needs_taxonomy_and_toxicity_review,"Kalanchoe, houseplant succulent, Succulent / dryland plant, plant care, rooted plant, local pickup"
christmas-cactus,Christmas Cactus,Schlumbergera x buckleyi,,houseplant_succulent,EPIPHYTE_HOYA,"Christmas Cactus is an epiphytic trailing or climbing plant popular with collectors for waxy leaves and potential blooms. Listings should note node count, rooted status, and whether it has active growth or peduncles.","Bright indirect light; some gentle direct sun supports flowering. Let mix dry partly to mostly between waterings; avoid heavy wet soil. Average humidity works; higher humidity helps growth. Soil: Airy epiphyte mix with orchid bark, perlite/pumice, and light organic matter.",bright_indirect_to_gentle_sun,moderate_to_dry,average_to_high,epiphyte_chunky,Good airflow supports healthy vines and reduces fungal issues.,easy_to_intermediate,likely_nontoxic,mvp_seed_needs_taxonomy_and_toxicity_review,"Christmas Cactus, houseplant succulent, Hoya / epiphytic succulent vine, plant care, rooted plant, local pickup"
thanksgiving-cactus,Thanksgiving Cactus,Schlumbergera truncata,,houseplant_succulent,EPIPHYTE_HOYA,"Thanksgiving Cactus is an epiphytic trailing or climbing plant popular with collectors for waxy leaves and potential blooms. Listings should note node count, rooted status, and whether it has active growth or peduncles.","Bright indirect light; some gentle direct sun supports flowering. Let mix dry partly to mostly between waterings; avoid heavy wet soil. Average humidity works; higher humidity helps growth. Soil: Airy epiphyte mix with orchid bark, perlite/pumice, and light organic matter.",bright_indirect_to_gentle_sun,moderate_to_dry,average_to_high,epiphyte_chunky,Good airflow supports healthy vines and reduces fungal issues.,easy_to_intermediate,likely_nontoxic,mvp_seed_needs_taxonomy_and_toxicity_review,"Thanksgiving Cactus, houseplant succulent, Hoya / epiphytic succulent vine, plant care, rooted plant, local pickup"
cyclamen,Cyclamen,Cyclamen persicum,,houseplant_flowering,FLOWERING_POT,"Cyclamen is a flowering or seasonal potted plant bought for color, gifts, or windowsill display. Listings should mention bloom status, bud count, and whether it is actively flowering.","Bright indirect light; some gentle sun supports blooms. Keep evenly moist while blooming, then adjust for dormancy or rest period. Average indoor humidity works for most. Soil: Quality potting mix with drainage.",bright_indirect_to_part_sun,even_moist_seasonal,average,standard_well_draining,Avoid hot vents; remove spent blooms and yellow leaves.,easy_to_intermediate,likely_toxic,mvp_seed_needs_taxonomy_and_toxicity_review,"Cyclamen, houseplant flowering, Flowering potted plant, plant care, rooted plant, local pickup"
purple-shamrock,Purple Shamrock,Oxalis triangularis,False shamrock,houseplant_flowering,FLOWERING_POT,"Purple Shamrock is a flowering or seasonal potted plant bought for color, gifts, or windowsill display. Listings should mention bloom status, bud count, and whether it is actively flowering.","Bright indirect light; some gentle sun supports blooms. Keep evenly moist while blooming, then adjust for dormancy or rest period. Average indoor humidity works for most. Soil: Quality potting mix with drainage.",bright_indirect_to_part_sun,even_moist_seasonal,average,standard_well_draining,Avoid hot vents; remove spent blooms and yellow leaves.,easy_to_intermediate,likely_toxic,mvp_seed_needs_taxonomy_and_toxicity_review,"Purple Shamrock, houseplant flowering, Flowering potted plant, plant care, rooted plant, local pickup"
amaryllis,Amaryllis,Hippeastrum spp.,,houseplant_flowering,FLOWERING_POT,"Amaryllis is a flowering or seasonal potted plant bought for color, gifts, or windowsill display. Listings should mention bloom status, bud count, and whether it is actively flowering.","Bright indirect light; some gentle sun supports blooms. Keep evenly moist while blooming, then adjust for dormancy or rest period. Average indoor humidity works for most. Soil: Quality potting mix with drainage.",bright_indirect_to_part_sun,even_moist_seasonal,average,standard_well_draining,Avoid hot vents; remove spent blooms and yellow leaves.,easy_to_intermediate,likely_toxic,mvp_seed_needs_taxonomy_and_toxicity_review,"Amaryllis, houseplant flowering, Flowering potted plant, plant care, rooted plant, local pickup"
ornamental-pepper,Ornamental Pepper,Capsicum annuum,,houseplant_flowering,FLOWERING_POT,"Ornamental Pepper is a flowering or seasonal potted plant bought for color, gifts, or windowsill display. Listings should mention bloom status, bud count, and whether it is actively flowering.","Bright indirect light; some gentle sun supports blooms. Keep evenly moist while blooming, then adjust for dormancy or rest period. Average indoor humidity works for most. Soil: Quality potting mix with drainage.",bright_indirect_to_part_sun,even_moist_seasonal,average,standard_well_draining,Avoid hot vents; remove spent blooms and yellow leaves.,easy_to_intermediate,likely_toxic,mvp_seed_needs_taxonomy_and_toxicity_review,"Ornamental Pepper, houseplant flowering, Flowering potted plant, plant care, rooted plant, local pickup"
string-of-pearls,String of Pearls,Curio rowleyanus,Senecio rowleyanus,succulent_cactus,SUCCULENT,"String of Pearls is a succulent valued for shape, color, drought tolerance, and easy shipping. Listings should mention light exposure, size, rooted status, and whether it has been grown indoors or outdoors.","Very bright light; many need several hours of direct sun or strong grow light. Soak thoroughly, then let mix dry completely before watering again. Low to average humidity is fine. Soil: Fast-draining cactus/succulent mix with pumice, perlite, or grit.",bright_to_direct,dry_cycle,low_to_average,cactus_succulent_gritty,Good airflow and dry leaves/crowns help prevent rot.,easy_to_intermediate,likely_toxic,mvp_seed_needs_taxonomy_and_toxicity_review,"String of Pearls, succulent cactus, Succulent / dryland plant, plant care, rooted plant, local pickup"
string-of-hearts,String of Hearts,Ceropegia woodii,Rosary vine,houseplant_succulent,EPIPHYTE_HOYA,"String of Hearts is an epiphytic trailing or climbing plant popular with collectors for waxy leaves and potential blooms. Listings should note node count, rooted status, and whether it has active growth or peduncles.","Bright indirect light; some gentle direct sun supports flowering. Let mix dry partly to mostly between waterings; avoid heavy wet soil. Average humidity works; higher humidity helps growth. Soil: Airy epiphyte mix with orchid bark, perlite/pumice, and light organic matter.",bright_indirect_to_gentle_sun,moderate_to_dry,average_to_high,epiphyte_chunky,Good airflow supports healthy vines and reduces fungal issues.,easy_to_intermediate,likely_nontoxic,mvp_seed_needs_taxonomy_and_toxicity_review,"String of Hearts, houseplant succulent, Hoya / epiphytic succulent vine, plant care, rooted plant, local pickup"
string-of-turtles,String of Turtles,Peperomia prostrata,,houseplant_succulent,LOW_LIGHT_RESILIENT,String of Turtles is a durable foliage plant valued for tolerating typical home conditions and less frequent watering. It is a strong beginner-friendly listing with simple care and flexible light requirements.,Low to bright indirect light; growth is faster with brighter indirect light. Let soil dry well between waterings; overwatering is the main risk. Normal household humidity is fine. Soil: Well-draining indoor potting mix with perlite or pumice.,low_to_bright_indirect,low_water,average,standard_well_draining,Tolerates normal indoor air; avoid cold drafts.,easy,likely_nontoxic,mvp_seed_needs_taxonomy_and_toxicity_review,"String of Turtles, houseplant succulent, Low-light resilient foliage, plant care, rooted plant, local pickup"
string-of-bananas,String of Bananas,Curio radicans,Senecio radicans,succulent_cactus,SUCCULENT,"String of Bananas is a succulent valued for shape, color, drought tolerance, and easy shipping. Listings should mention light exposure, size, rooted status, and whether it has been grown indoors or outdoors.","Very bright light; many need several hours of direct sun or strong grow light. Soak thoroughly, then let mix dry completely before watering again. Low to average humidity is fine. Soil: Fast-draining cactus/succulent mix with pumice, perlite, or grit.",bright_to_direct,dry_cycle,low_to_average,cactus_succulent_gritty,Good airflow and dry leaves/crowns help prevent rot.,easy_to_intermediate,likely_toxic,mvp_seed_needs_taxonomy_and_toxicity_review,"String of Bananas, succulent cactus, Succulent / dryland plant, plant care, rooted plant, local pickup"
burro-s-tail,Burro's Tail,Sedum morganianum,Donkey tail,succulent_cactus,SUCCULENT,"Burro's Tail is a succulent valued for shape, color, drought tolerance, and easy shipping. Listings should mention light exposure, size, rooted status, and whether it has been grown indoors or outdoors.","Very bright light; many need several hours of direct sun or strong grow light. Soak thoroughly, then let mix dry completely before watering again. Low to average humidity is fine. Soil: Fast-draining cactus/succulent mix with pumice, perlite, or grit.",bright_to_direct,dry_cycle,low_to_average,cactus_succulent_gritty,Good airflow and dry leaves/crowns help prevent rot.,easy_to_intermediate,likely_nontoxic,mvp_seed_needs_taxonomy_and_toxicity_review,"Burro's Tail, succulent cactus, Succulent / dryland plant, plant care, rooted plant, local pickup"
jade-plant,Jade Plant,Crassula ovata,,succulent_cactus,SUCCULENT,"Jade Plant is a succulent valued for shape, color, drought tolerance, and easy shipping. Listings should mention light exposure, size, rooted status, and whether it has been grown indoors or outdoors.","Very bright light; many need several hours of direct sun or strong grow light. Soak thoroughly, then let mix dry completely before watering again. Low to average humidity is fine. Soil: Fast-draining cactus/succulent mix with pumice, perlite, or grit.",bright_to_direct,dry_cycle,low_to_average,cactus_succulent_gritty,Good airflow and dry leaves/crowns help prevent rot.,easy_to_intermediate,likely_toxic,mvp_seed_needs_taxonomy_and_toxicity_review,"Jade Plant, succulent cactus, Succulent / dryland plant, plant care, rooted plant, local pickup"
elephant-bush,Elephant Bush,Portulacaria afra,,succulent_cactus,SUCCULENT,"Elephant Bush is a succulent valued for shape, color, drought tolerance, and easy shipping. Listings should mention light exposure, size, rooted status, and whether it has been grown indoors or outdoors.","Very bright light; many need several hours of direct sun or strong grow light. Soak thoroughly, then let mix dry completely before watering again. Low to average humidity is fine. Soil: Fast-draining cactus/succulent mix with pumice, perlite, or grit.",bright_to_direct,dry_cycle,low_to_average,cactus_succulent_gritty,Good airflow and dry leaves/crowns help prevent rot.,easy_to_intermediate,likely_nontoxic,mvp_seed_needs_taxonomy_and_toxicity_review,"Elephant Bush, succulent cactus, Succulent / dryland plant, plant care, rooted plant, local pickup"
aloe-vera,Aloe Vera,Aloe vera,Aloe barbadensis,succulent_cactus,SUCCULENT,"Aloe Vera is a succulent valued for shape, color, drought tolerance, and easy shipping. Listings should mention light exposure, size, rooted status, and whether it has been grown indoors or outdoors.","Very bright light; many need several hours of direct sun or strong grow light. Soak thoroughly, then let mix dry completely before watering again. Low to average humidity is fine. Soil: Fast-draining cactus/succulent mix with pumice, perlite, or grit.",bright_to_direct,dry_cycle,low_to_average,cactus_succulent_gritty,Good airflow and dry leaves/crowns help prevent rot.,easy_to_intermediate,likely_toxic,mvp_seed_needs_taxonomy_and_toxicity_review,"Aloe Vera, succulent cactus, Succulent / dryland plant, plant care, rooted plant, local pickup"
zebra-haworthia,Zebra Haworthia,Haworthiopsis attenuata,Zebra plant,succulent_cactus,SUCCULENT,"Zebra Haworthia is a succulent valued for shape, color, drought tolerance, and easy shipping. Listings should mention light exposure, size, rooted status, and whether it has been grown indoors or outdoors.","Very bright light; many need several hours of direct sun or strong grow light. Soak thoroughly, then let mix dry completely before watering again. Low to average humidity is fine. Soil: Fast-draining cactus/succulent mix with pumice, perlite, or grit.",bright_to_direct,dry_cycle,low_to_average,cactus_succulent_gritty,Good airflow and dry leaves/crowns help prevent rot.,easy_to_intermediate,likely_nontoxic,mvp_seed_needs_taxonomy_and_toxicity_review,"Zebra Haworthia, succulent cactus, Succulent / dryland plant, plant care, rooted plant, local pickup"
mexican-snowball,Mexican Snowball,Echeveria elegans,,succulent_cactus,SUCCULENT,"Mexican Snowball is a succulent valued for shape, color, drought tolerance, and easy shipping. Listings should mention light exposure, size, rooted status, and whether it has been grown indoors or outdoors.","Very bright light; many need several hours of direct sun or strong grow light. Soak thoroughly, then let mix dry completely before watering again. Low to average humidity is fine. Soil: Fast-draining cactus/succulent mix with pumice, perlite, or grit.",bright_to_direct,dry_cycle,low_to_average,cactus_succulent_gritty,Good airflow and dry leaves/crowns help prevent rot.,easy_to_intermediate,likely_nontoxic,mvp_seed_needs_taxonomy_and_toxicity_review,"Mexican Snowball, succulent cactus, Succulent / dryland plant, plant care, rooted plant, local pickup"
perle-von-nurnberg-echeveria,Perle von Nurnberg Echeveria,Echeveria 'Perle von Nürnberg',,succulent_cactus,SUCCULENT,"Perle von Nurnberg Echeveria is a succulent valued for shape, color, drought tolerance, and easy shipping. Listings should mention light exposure, size, rooted status, and whether it has been grown indoors or outdoors.","Very bright light; many need several hours of direct sun or strong grow light. Soak thoroughly, then let mix dry completely before watering again. Low to average humidity is fine. Soil: Fast-draining cactus/succulent mix with pumice, perlite, or grit.",bright_to_direct,dry_cycle,low_to_average,cactus_succulent_gritty,Good airflow and dry leaves/crowns help prevent rot.,easy_to_intermediate,likely_nontoxic,mvp_seed_needs_taxonomy_and_toxicity_review,"Perle von Nurnberg Echeveria, succulent cactus, Succulent / dryland plant, plant care, rooted plant, local pickup"
hens-and-chicks,Hens and Chicks,Sempervivum tectorum,,succulent_cactus,SUCCULENT,"Hens and Chicks is a succulent valued for shape, color, drought tolerance, and easy shipping. Listings should mention light exposure, size, rooted status, and whether it has been grown indoors or outdoors.","Very bright light; many need several hours of direct sun or strong grow light. Soak thoroughly, then let mix dry completely before watering again. Low to average humidity is fine. Soil: Fast-draining cactus/succulent mix with pumice, perlite, or grit.",bright_to_direct,dry_cycle,low_to_average,cactus_succulent_gritty,Good airflow and dry leaves/crowns help prevent rot.,easy_to_intermediate,likely_nontoxic,mvp_seed_needs_taxonomy_and_toxicity_review,"Hens and Chicks, succulent cactus, Succulent / dryland plant, plant care, rooted plant, local pickup"
golden-sedum,Golden Sedum,Sedum adolphii,,succulent_cactus,SUCCULENT,"Golden Sedum is a succulent valued for shape, color, drought tolerance, and easy shipping. Listings should mention light exposure, size, rooted status, and whether it has been grown indoors or outdoors.","Very bright light; many need several hours of direct sun or strong grow light. Soak thoroughly, then let mix dry completely before watering again. Low to average humidity is fine. Soil: Fast-draining cactus/succulent mix with pumice, perlite, or grit.",bright_to_direct,dry_cycle,low_to_average,cactus_succulent_gritty,Good airflow and dry leaves/crowns help prevent rot.,easy_to_intermediate,likely_nontoxic,mvp_seed_needs_taxonomy_and_toxicity_review,"Golden Sedum, succulent cactus, Succulent / dryland plant, plant care, rooted plant, local pickup"
string-of-buttons,String of Buttons,Crassula perforata,,succulent_cactus,SUCCULENT,"String of Buttons is a succulent valued for shape, color, drought tolerance, and easy shipping. Listings should mention light exposure, size, rooted status, and whether it has been grown indoors or outdoors.","Very bright light; many need several hours of direct sun or strong grow light. Soak thoroughly, then let mix dry completely before watering again. Low to average humidity is fine. Soil: Fast-draining cactus/succulent mix with pumice, perlite, or grit.",bright_to_direct,dry_cycle,low_to_average,cactus_succulent_gritty,Good airflow and dry leaves/crowns help prevent rot.,easy_to_intermediate,likely_toxic,mvp_seed_needs_taxonomy_and_toxicity_review,"String of Buttons, succulent cactus, Succulent / dryland plant, plant care, rooted plant, local pickup"
ghost-plant,Ghost Plant,Graptopetalum paraguayense,,succulent_cactus,SUCCULENT,"Ghost Plant is a succulent valued for shape, color, drought tolerance, and easy shipping. Listings should mention light exposure, size, rooted status, and whether it has been grown indoors or outdoors.","Very bright light; many need several hours of direct sun or strong grow light. Soak thoroughly, then let mix dry completely before watering again. Low to average humidity is fine. Soil: Fast-draining cactus/succulent mix with pumice, perlite, or grit.",bright_to_direct,dry_cycle,low_to_average,cactus_succulent_gritty,Good airflow and dry leaves/crowns help prevent rot.,easy_to_intermediate,likely_nontoxic,mvp_seed_needs_taxonomy_and_toxicity_review,"Ghost Plant, succulent cactus, Succulent / dryland plant, plant care, rooted plant, local pickup"
living-stones,Living Stones,Lithops spp.,Lithops,succulent_cactus,SUCCULENT,"Living Stones is a succulent valued for shape, color, drought tolerance, and easy shipping. Listings should mention light exposure, size, rooted status, and whether it has been grown indoors or outdoors.","Very bright light; many need several hours of direct sun or strong grow light. Soak thoroughly, then let mix dry completely before watering again. Low to average humidity is fine. Soil: Fast-draining cactus/succulent mix with pumice, perlite, or grit.",bright_to_direct,dry_cycle,low_to_average,cactus_succulent_gritty,Good airflow and dry leaves/crowns help prevent rot.,easy_to_intermediate,likely_nontoxic,mvp_seed_needs_taxonomy_and_toxicity_review,"Living Stones, succulent cactus, Succulent / dryland plant, plant care, rooted plant, local pickup"
split-rock,Split Rock,Pleiospilos nelii,,succulent_cactus,SUCCULENT,"Split Rock is a succulent valued for shape, color, drought tolerance, and easy shipping. Listings should mention light exposure, size, rooted status, and whether it has been grown indoors or outdoors.","Very bright light; many need several hours of direct sun or strong grow light. Soak thoroughly, then let mix dry completely before watering again. Low to average humidity is fine. Soil: Fast-draining cactus/succulent mix with pumice, perlite, or grit.",bright_to_direct,dry_cycle,low_to_average,cactus_succulent_gritty,Good airflow and dry leaves/crowns help prevent rot.,easy_to_intermediate,verify,mvp_seed_needs_taxonomy_and_toxicity_review,"Split Rock, succulent cactus, Succulent / dryland plant, plant care, rooted plant, local pickup"
african-milk-tree,African Milk Tree,Euphorbia trigona,,succulent_cactus,SUCCULENT,"African Milk Tree is a succulent valued for shape, color, drought tolerance, and easy shipping. Listings should mention light exposure, size, rooted status, and whether it has been grown indoors or outdoors.","Very bright light; many need several hours of direct sun or strong grow light. Soak thoroughly, then let mix dry completely before watering again. Low to average humidity is fine. Soil: Fast-draining cactus/succulent mix with pumice, perlite, or grit.",bright_to_direct,dry_cycle,low_to_average,cactus_succulent_gritty,Good airflow and dry leaves/crowns help prevent rot.,easy_to_intermediate,likely_toxic,mvp_seed_needs_taxonomy_and_toxicity_review,"African Milk Tree, succulent cactus, Succulent / dryland plant, plant care, rooted plant, local pickup"
pencil-cactus,Pencil Cactus,Euphorbia tirucalli,,succulent_cactus,SUCCULENT,"Pencil Cactus is a succulent valued for shape, color, drought tolerance, and easy shipping. Listings should mention light exposure, size, rooted status, and whether it has been grown indoors or outdoors.","Very bright light; many need several hours of direct sun or strong grow light. Soak thoroughly, then let mix dry completely before watering again. Low to average humidity is fine. Soil: Fast-draining cactus/succulent mix with pumice, perlite, or grit.",bright_to_direct,dry_cycle,low_to_average,cactus_succulent_gritty,Good airflow and dry leaves/crowns help prevent rot.,easy_to_intermediate,likely_toxic,mvp_seed_needs_taxonomy_and_toxicity_review,"Pencil Cactus, succulent cactus, Succulent / dryland plant, plant care, rooted plant, local pickup"
golden-barrel-cactus,Golden Barrel Cactus,Echinocactus grusonii,,succulent_cactus,CACTUS,"Golden Barrel Cactus is a cactus commonly sold for sculptural shape and low-water care. Listings should note size, pot diameter, spine handling, and sun acclimation.","High light with direct sun after acclimation. Water deeply but infrequently; keep mostly dry, especially in cool months. Low humidity preferred. Soil: Mineral-heavy cactus mix with excellent drainage.",direct_sun,very_low_water,low,cactus_mineral_gritty,Strong airflow and fast drying reduce rot risk.,easy_to_intermediate,likely_nontoxic,mvp_seed_needs_taxonomy_and_toxicity_review,"Golden Barrel Cactus, succulent cactus, Cactus / arid desert plant, plant care, rooted plant, local pickup"
bunny-ear-cactus,Bunny Ear Cactus,Opuntia microdasys,,succulent_cactus,CACTUS,"Bunny Ear Cactus is a cactus commonly sold for sculptural shape and low-water care. Listings should note size, pot diameter, spine handling, and sun acclimation.","High light with direct sun after acclimation. Water deeply but infrequently; keep mostly dry, especially in cool months. Low humidity preferred. Soil: Mineral-heavy cactus mix with excellent drainage.",direct_sun,very_low_water,low,cactus_mineral_gritty,Strong airflow and fast drying reduce rot risk.,easy_to_intermediate,likely_nontoxic,mvp_seed_needs_taxonomy_and_toxicity_review,"Bunny Ear Cactus, succulent cactus, Cactus / arid desert plant, plant care, rooted plant, local pickup"
prickly-pear-cactus,Prickly Pear Cactus,Opuntia ficus-indica,,succulent_cactus,CACTUS,"Prickly Pear Cactus is a cactus commonly sold for sculptural shape and low-water care. Listings should note size, pot diameter, spine handling, and sun acclimation.","High light with direct sun after acclimation. Water deeply but infrequently; keep mostly dry, especially in cool months. Low humidity preferred. Soil: Mineral-heavy cactus mix with excellent drainage.",direct_sun,very_low_water,low,cactus_mineral_gritty,Strong airflow and fast drying reduce rot risk.,easy_to_intermediate,likely_nontoxic,mvp_seed_needs_taxonomy_and_toxicity_review,"Prickly Pear Cactus, succulent cactus, Cactus / arid desert plant, plant care, rooted plant, local pickup"
saguaro-cactus,Saguaro Cactus,Carnegiea gigantea,,succulent_cactus,CACTUS,"Saguaro Cactus is a cactus commonly sold for sculptural shape and low-water care. Listings should note size, pot diameter, spine handling, and sun acclimation.","High light with direct sun after acclimation. Water deeply but infrequently; keep mostly dry, especially in cool months. Low humidity preferred. Soil: Mineral-heavy cactus mix with excellent drainage.",direct_sun,very_low_water,low,cactus_mineral_gritty,Strong airflow and fast drying reduce rot risk.,easy_to_intermediate,likely_nontoxic,mvp_seed_needs_taxonomy_and_toxicity_review,"Saguaro Cactus, succulent cactus, Cactus / arid desert plant, plant care, rooted plant, local pickup"
fairy-castle-cactus,Fairy Castle Cactus,Acanthocereus tetragonus,,succulent_cactus,CACTUS,"Fairy Castle Cactus is a cactus commonly sold for sculptural shape and low-water care. Listings should note size, pot diameter, spine handling, and sun acclimation.","High light with direct sun after acclimation. Water deeply but infrequently; keep mostly dry, especially in cool months. Low humidity preferred. Soil: Mineral-heavy cactus mix with excellent drainage.",direct_sun,very_low_water,low,cactus_mineral_gritty,Strong airflow and fast drying reduce rot risk.,easy_to_intermediate,likely_nontoxic,mvp_seed_needs_taxonomy_and_toxicity_review,"Fairy Castle Cactus, succulent cactus, Cactus / arid desert plant, plant care, rooted plant, local pickup"
fishbone-cactus,Fishbone Cactus,Disocactus anguliger,Ric rac cactus,houseplant_succulent,EPIPHYTE_HOYA,"Fishbone Cactus is an epiphytic trailing or climbing plant popular with collectors for waxy leaves and potential blooms. Listings should note node count, rooted status, and whether it has active growth or peduncles.","Bright indirect light; some gentle direct sun supports flowering. Let mix dry partly to mostly between waterings; avoid heavy wet soil. Average humidity works; higher humidity helps growth. Soil: Airy epiphyte mix with orchid bark, perlite/pumice, and light organic matter.",bright_indirect_to_gentle_sun,moderate_to_dry,average_to_high,epiphyte_chunky,Good airflow supports healthy vines and reduces fungal issues.,easy_to_intermediate,likely_nontoxic,mvp_seed_needs_taxonomy_and_toxicity_review,"Fishbone Cactus, houseplant succulent, Hoya / epiphytic succulent vine, plant care, rooted plant, local pickup"
orchid-cactus,Orchid Cactus,Epiphyllum oxypetalum,Queen of the night,houseplant_succulent,EPIPHYTE_HOYA,"Orchid Cactus is an epiphytic trailing or climbing plant popular with collectors for waxy leaves and potential blooms. Listings should note node count, rooted status, and whether it has active growth or peduncles.","Bright indirect light; some gentle direct sun supports flowering. Let mix dry partly to mostly between waterings; avoid heavy wet soil. Average humidity works; higher humidity helps growth. Soil: Airy epiphyte mix with orchid bark, perlite/pumice, and light organic matter.",bright_indirect_to_gentle_sun,moderate_to_dry,average_to_high,epiphyte_chunky,Good airflow supports healthy vines and reduces fungal issues.,easy_to_intermediate,likely_nontoxic,mvp_seed_needs_taxonomy_and_toxicity_review,"Orchid Cactus, houseplant succulent, Hoya / epiphytic succulent vine, plant care, rooted plant, local pickup"
moon-cactus,Moon Cactus,Gymnocalycium mihanovichii,,succulent_cactus,CACTUS,"Moon Cactus is a cactus commonly sold for sculptural shape and low-water care. Listings should note size, pot diameter, spine handling, and sun acclimation.","High light with direct sun after acclimation. Water deeply but infrequently; keep mostly dry, especially in cool months. Low humidity preferred. Soil: Mineral-heavy cactus mix with excellent drainage.",direct_sun,very_low_water,low,cactus_mineral_gritty,Strong airflow and fast drying reduce rot risk.,easy_to_intermediate,likely_nontoxic,mvp_seed_needs_taxonomy_and_toxicity_review,"Moon Cactus, succulent cactus, Cactus / arid desert plant, plant care, rooted plant, local pickup"
mistletoe-cactus,Mistletoe Cactus,Rhipsalis baccifera,Rhipsalis,houseplant_succulent,EPIPHYTE_HOYA,"Mistletoe Cactus is an epiphytic trailing or climbing plant popular with collectors for waxy leaves and potential blooms. Listings should note node count, rooted status, and whether it has active growth or peduncles.","Bright indirect light; some gentle direct sun supports flowering. Let mix dry partly to mostly between waterings; avoid heavy wet soil. Average humidity works; higher humidity helps growth. Soil: Airy epiphyte mix with orchid bark, perlite/pumice, and light organic matter.",bright_indirect_to_gentle_sun,moderate_to_dry,average_to_high,epiphyte_chunky,Good airflow supports healthy vines and reduces fungal issues.,easy_to_intermediate,likely_nontoxic,mvp_seed_needs_taxonomy_and_toxicity_review,"Mistletoe Cactus, houseplant succulent, Hoya / epiphytic succulent vine, plant care, rooted plant, local pickup"
hoya-carnosa,Hoya Carnosa,Hoya carnosa,Wax plant,houseplant_hoya,EPIPHYTE_HOYA,"Hoya Carnosa is an epiphytic trailing or climbing plant popular with collectors for waxy leaves and potential blooms. Listings should note node count, rooted status, and whether it has active growth or peduncles.","Bright indirect light; some gentle direct sun supports flowering. Let mix dry partly to mostly between waterings; avoid heavy wet soil. Average humidity works; higher humidity helps growth. Soil: Airy epiphyte mix with orchid bark, perlite/pumice, and light organic matter.",bright_indirect_to_gentle_sun,moderate_to_dry,average_to_high,epiphyte_chunky,Good airflow supports healthy vines and reduces fungal issues.,easy_to_intermediate,likely_nontoxic,mvp_seed_needs_taxonomy_and_toxicity_review,"Hoya Carnosa, houseplant hoya, Hoya / epiphytic succulent vine, plant care, rooted plant, local pickup"
hoya-compacta,Hoya Compacta,Hoya carnosa 'Compacta',Hindu rope,houseplant_hoya,EPIPHYTE_HOYA,"Hoya Compacta is an epiphytic trailing or climbing plant popular with collectors for waxy leaves and potential blooms. Listings should note node count, rooted status, and whether it has active growth or peduncles.","Bright indirect light; some gentle direct sun supports flowering. Let mix dry partly to mostly between waterings; avoid heavy wet soil. Average humidity works; higher humidity helps growth. Soil: Airy epiphyte mix with orchid bark, perlite/pumice, and light organic matter.",bright_indirect_to_gentle_sun,moderate_to_dry,average_to_high,epiphyte_chunky,Good airflow supports healthy vines and reduces fungal issues.,easy_to_intermediate,likely_nontoxic,mvp_seed_needs_taxonomy_and_toxicity_review,"Hoya Compacta, houseplant hoya, Hoya / epiphytic succulent vine, plant care, rooted plant, local pickup"
hoya-kerrii,Hoya Kerrii,Hoya kerrii,Sweetheart hoya,houseplant_hoya,EPIPHYTE_HOYA,"Hoya Kerrii is an epiphytic trailing or climbing plant popular with collectors for waxy leaves and potential blooms. Listings should note node count, rooted status, and whether it has active growth or peduncles.","Bright indirect light; some gentle direct sun supports flowering. Let mix dry partly to mostly between waterings; avoid heavy wet soil. Average humidity works; higher humidity helps growth. Soil: Airy epiphyte mix with orchid bark, perlite/pumice, and light organic matter.",bright_indirect_to_gentle_sun,moderate_to_dry,average_to_high,epiphyte_chunky,Good airflow supports healthy vines and reduces fungal issues.,easy_to_intermediate,likely_nontoxic,mvp_seed_needs_taxonomy_and_toxicity_review,"Hoya Kerrii, houseplant hoya, Hoya / epiphytic succulent vine, plant care, rooted plant, local pickup"
hoya-pubicalyx,Hoya Pubicalyx,Hoya pubicalyx,,houseplant_hoya,EPIPHYTE_HOYA,"Hoya Pubicalyx is an epiphytic trailing or climbing plant popular with collectors for waxy leaves and potential blooms. Listings should note node count, rooted status, and whether it has active growth or peduncles.","Bright indirect light; some gentle direct sun supports flowering. Let mix dry partly to mostly between waterings; avoid heavy wet soil. Average humidity works; higher humidity helps growth. Soil: Airy epiphyte mix with orchid bark, perlite/pumice, and light organic matter.",bright_indirect_to_gentle_sun,moderate_to_dry,average_to_high,epiphyte_chunky,Good airflow supports healthy vines and reduces fungal issues.,easy_to_intermediate,likely_nontoxic,mvp_seed_needs_taxonomy_and_toxicity_review,"Hoya Pubicalyx, houseplant hoya, Hoya / epiphytic succulent vine, plant care, rooted plant, local pickup"
hoya-curtisii,Hoya Curtisii,Hoya curtisii,,houseplant_hoya,EPIPHYTE_HOYA,"Hoya Curtisii is an epiphytic trailing or climbing plant popular with collectors for waxy leaves and potential blooms. Listings should note node count, rooted status, and whether it has active growth or peduncles.","Bright indirect light; some gentle direct sun supports flowering. Let mix dry partly to mostly between waterings; avoid heavy wet soil. Average humidity works; higher humidity helps growth. Soil: Airy epiphyte mix with orchid bark, perlite/pumice, and light organic matter.",bright_indirect_to_gentle_sun,moderate_to_dry,average_to_high,epiphyte_chunky,Good airflow supports healthy vines and reduces fungal issues.,easy_to_intermediate,likely_nontoxic,mvp_seed_needs_taxonomy_and_toxicity_review,"Hoya Curtisii, houseplant hoya, Hoya / epiphytic succulent vine, plant care, rooted plant, local pickup"
hoya-linearis,Hoya Linearis,Hoya linearis,,houseplant_hoya,EPIPHYTE_HOYA,"Hoya Linearis is an epiphytic trailing or climbing plant popular with collectors for waxy leaves and potential blooms. Listings should note node count, rooted status, and whether it has active growth or peduncles.","Bright indirect light; some gentle direct sun supports flowering. Let mix dry partly to mostly between waterings; avoid heavy wet soil. Average humidity works; higher humidity helps growth. Soil: Airy epiphyte mix with orchid bark, perlite/pumice, and light organic matter.",bright_indirect_to_gentle_sun,moderate_to_dry,average_to_high,epiphyte_chunky,Good airflow supports healthy vines and reduces fungal issues.,easy_to_intermediate,likely_nontoxic,mvp_seed_needs_taxonomy_and_toxicity_review,"Hoya Linearis, houseplant hoya, Hoya / epiphytic succulent vine, plant care, rooted plant, local pickup"
string-of-nickels,String of Nickels,Dischidia nummularia,Dischidia,houseplant_hoya,EPIPHYTE_HOYA,"String of Nickels is an epiphytic trailing or climbing plant popular with collectors for waxy leaves and potential blooms. Listings should note node count, rooted status, and whether it has active growth or peduncles.","Bright indirect light; some gentle direct sun supports flowering. Let mix dry partly to mostly between waterings; avoid heavy wet soil. Average humidity works; higher humidity helps growth. Soil: Airy epiphyte mix with orchid bark, perlite/pumice, and light organic matter.",bright_indirect_to_gentle_sun,moderate_to_dry,average_to_high,epiphyte_chunky,Good airflow supports healthy vines and reduces fungal issues.,easy_to_intermediate,likely_nontoxic,mvp_seed_needs_taxonomy_and_toxicity_review,"String of Nickels, houseplant hoya, Hoya / epiphytic succulent vine, plant care, rooted plant, local pickup"
phalaenopsis-orchid,Phalaenopsis Orchid,Phalaenopsis spp.,Moth orchid,orchid,ORCHID_EPIPHYTE,"Phalaenopsis Orchid is an orchid sold for long-lasting flowers, unique growth form, or collector appeal. Listings should state whether it is in spike, bloom, seedling, division, or established plant form.","Bright filtered light; avoid hot direct sun unless the species prefers it. Water when bark/moss approaches dry; never keep roots stagnant. Moderate to high humidity with airflow. Soil: Orchid bark, sphagnum, mounted culture, or species-appropriate epiphyte media.",bright_indirect,wet_dry_epiphyte,average_to_high,orchid_bark_sphagnum,Air movement is critical around roots and leaves.,intermediate,likely_nontoxic,mvp_seed_needs_taxonomy_and_toxicity_review,"Phalaenopsis Orchid, orchid, Epiphytic orchid, plant care, rooted plant, local pickup"
dendrobium-orchid,Dendrobium Orchid,Dendrobium spp.,,orchid,ORCHID_EPIPHYTE,"Dendrobium Orchid is an orchid sold for long-lasting flowers, unique growth form, or collector appeal. Listings should state whether it is in spike, bloom, seedling, division, or established plant form.","Bright filtered light; avoid hot direct sun unless the species prefers it. Water when bark/moss approaches dry; never keep roots stagnant. Moderate to high humidity with airflow. Soil: Orchid bark, sphagnum, mounted culture, or species-appropriate epiphyte media.",bright_indirect,wet_dry_epiphyte,average_to_high,orchid_bark_sphagnum,Air movement is critical around roots and leaves.,intermediate,likely_nontoxic,mvp_seed_needs_taxonomy_and_toxicity_review,"Dendrobium Orchid, orchid, Epiphytic orchid, plant care, rooted plant, local pickup"
oncidium-orchid,Oncidium Orchid,Oncidium spp.,Dancing lady orchid,orchid,ORCHID_EPIPHYTE,"Oncidium Orchid is an orchid sold for long-lasting flowers, unique growth form, or collector appeal. Listings should state whether it is in spike, bloom, seedling, division, or established plant form.","Bright filtered light; avoid hot direct sun unless the species prefers it. Water when bark/moss approaches dry; never keep roots stagnant. Moderate to high humidity with airflow. Soil: Orchid bark, sphagnum, mounted culture, or species-appropriate epiphyte media.",bright_indirect,wet_dry_epiphyte,average_to_high,orchid_bark_sphagnum,Air movement is critical around roots and leaves.,intermediate,likely_nontoxic,mvp_seed_needs_taxonomy_and_toxicity_review,"Oncidium Orchid, orchid, Epiphytic orchid, plant care, rooted plant, local pickup"
cattleya-orchid,Cattleya Orchid,Cattleya spp.,,orchid,ORCHID_EPIPHYTE,"Cattleya Orchid is an orchid sold for long-lasting flowers, unique growth form, or collector appeal. Listings should state whether it is in spike, bloom, seedling, division, or established plant form.","Bright filtered light; avoid hot direct sun unless the species prefers it. Water when bark/moss approaches dry; never keep roots stagnant. Moderate to high humidity with airflow. Soil: Orchid bark, sphagnum, mounted culture, or species-appropriate epiphyte media.",bright_indirect,wet_dry_epiphyte,average_to_high,orchid_bark_sphagnum,Air movement is critical around roots and leaves.,intermediate,likely_nontoxic,mvp_seed_needs_taxonomy_and_toxicity_review,"Cattleya Orchid, orchid, Epiphytic orchid, plant care, rooted plant, local pickup"
vanda-orchid,Vanda Orchid,Vanda spp.,,orchid,ORCHID_EPIPHYTE,"Vanda Orchid is an orchid sold for long-lasting flowers, unique growth form, or collector appeal. Listings should state whether it is in spike, bloom, seedling, division, or established plant form.","Bright filtered light; avoid hot direct sun unless the species prefers it. Water when bark/moss approaches dry; never keep roots stagnant. Moderate to high humidity with airflow. Soil: Orchid bark, sphagnum, mounted culture, or species-appropriate epiphyte media.",bright_indirect,wet_dry_epiphyte,average_to_high,orchid_bark_sphagnum,Air movement is critical around roots and leaves.,intermediate,likely_nontoxic,mvp_seed_needs_taxonomy_and_toxicity_review,"Vanda Orchid, orchid, Epiphytic orchid, plant care, rooted plant, local pickup"
cymbidium-orchid,Cymbidium Orchid,Cymbidium spp.,,orchid,ORCHID_EPIPHYTE,"Cymbidium Orchid is an orchid sold for long-lasting flowers, unique growth form, or collector appeal. Listings should state whether it is in spike, bloom, seedling, division, or established plant form.","Bright filtered light; avoid hot direct sun unless the species prefers it. Water when bark/moss approaches dry; never keep roots stagnant. Moderate to high humidity with airflow. Soil: Orchid bark, sphagnum, mounted culture, or species-appropriate epiphyte media.",bright_indirect,wet_dry_epiphyte,average_to_high,orchid_bark_sphagnum,Air movement is critical around roots and leaves.,intermediate,likely_nontoxic,mvp_seed_needs_taxonomy_and_toxicity_review,"Cymbidium Orchid, orchid, Epiphytic orchid, plant care, rooted plant, local pickup"
guzmania-bromeliad,Guzmania Bromeliad,Guzmania lingulata,Bromeliad,bromeliad,ORCHID_EPIPHYTE,"Guzmania Bromeliad is an orchid sold for long-lasting flowers, unique growth form, or collector appeal. Listings should state whether it is in spike, bloom, seedling, division, or established plant form.","Bright filtered light; avoid hot direct sun unless the species prefers it. Water when bark/moss approaches dry; never keep roots stagnant. Moderate to high humidity with airflow. Soil: Orchid bark, sphagnum, mounted culture, or species-appropriate epiphyte media.",bright_indirect,wet_dry_epiphyte,average_to_high,orchid_bark_sphagnum,Air movement is critical around roots and leaves.,intermediate,likely_nontoxic,mvp_seed_needs_taxonomy_and_toxicity_review,"Guzmania Bromeliad, bromeliad, Epiphytic orchid, plant care, rooted plant, local pickup"
neoregelia-bromeliad,Neoregelia Bromeliad,Neoregelia carolinae,Bromeliad,bromeliad,ORCHID_EPIPHYTE,"Neoregelia Bromeliad is an orchid sold for long-lasting flowers, unique growth form, or collector appeal. Listings should state whether it is in spike, bloom, seedling, division, or established plant form.","Bright filtered light; avoid hot direct sun unless the species prefers it. Water when bark/moss approaches dry; never keep roots stagnant. Moderate to high humidity with airflow. Soil: Orchid bark, sphagnum, mounted culture, or species-appropriate epiphyte media.",bright_indirect,wet_dry_epiphyte,average_to_high,orchid_bark_sphagnum,Air movement is critical around roots and leaves.,intermediate,likely_nontoxic,mvp_seed_needs_taxonomy_and_toxicity_review,"Neoregelia Bromeliad, bromeliad, Epiphytic orchid, plant care, rooted plant, local pickup"
air-plant,Air Plant,Tillandsia ionantha,Tillandsia,air_plant,AIR_PLANT,"Air Plant is a soil-free epiphyte often sold in displays, bundles, or mounted arrangements. Listings should mention size, bloom stage, and post-watering drying instructions.","Bright indirect light with some gentle morning sun. Soak or rinse regularly, then dry fully within a few hours. Average to moderate humidity. Soil: No soil; mount in a breathable display.",bright_indirect_to_gentle_sun,soak_and_dry,average,no_soil_epiphyte,Very important: plants must dry after watering.,easy_to_intermediate,likely_nontoxic,mvp_seed_needs_taxonomy_and_toxicity_review,"Air Plant, air plant, Air plant / tillandsia, plant care, rooted plant, local pickup"
staghorn-fern,Staghorn Fern,Platycerium bifurcatum,,fern,FERN_MOIST,"Staghorn Fern is a fern valued for soft texture and lush foliage. Listings should mention humidity acclimation, pot size, and whether fronds have any normal shipping/cosmetic crisping.","Medium to bright indirect light; avoid hot direct sun. Keep evenly moist, not soggy; avoid drying completely. High humidity preferred; dry air causes crisp fronds. Soil: Moist, organic, well-draining fern mix.",medium_to_bright_indirect,even_moist,high,moist_fern_mix,Gentle airflow helps prevent disease while retaining humidity.,intermediate,likely_nontoxic,mvp_seed_needs_taxonomy_and_toxicity_review,"Staghorn Fern, fern, Moisture-loving fern, plant care, rooted plant, local pickup"
boston-fern,Boston Fern,Nephrolepis exaltata,,fern,FERN_MOIST,"Boston Fern is a fern valued for soft texture and lush foliage. Listings should mention humidity acclimation, pot size, and whether fronds have any normal shipping/cosmetic crisping.","Medium to bright indirect light; avoid hot direct sun. Keep evenly moist, not soggy; avoid drying completely. High humidity preferred; dry air causes crisp fronds. Soil: Moist, organic, well-draining fern mix.",medium_to_bright_indirect,even_moist,high,moist_fern_mix,Gentle airflow helps prevent disease while retaining humidity.,intermediate,likely_nontoxic,mvp_seed_needs_taxonomy_and_toxicity_review,"Boston Fern, fern, Moisture-loving fern, plant care, rooted plant, local pickup"
maidenhair-fern,Maidenhair Fern,Adiantum raddianum,,fern,FERN_MOIST,"Maidenhair Fern is a fern valued for soft texture and lush foliage. Listings should mention humidity acclimation, pot size, and whether fronds have any normal shipping/cosmetic crisping.","Medium to bright indirect light; avoid hot direct sun. Keep evenly moist, not soggy; avoid drying completely. High humidity preferred; dry air causes crisp fronds. Soil: Moist, organic, well-draining fern mix.",medium_to_bright_indirect,even_moist,high,moist_fern_mix,Gentle airflow helps prevent disease while retaining humidity.,intermediate,likely_nontoxic,mvp_seed_needs_taxonomy_and_toxicity_review,"Maidenhair Fern, fern, Moisture-loving fern, plant care, rooted plant, local pickup"
bird-s-nest-fern,Bird's Nest Fern,Asplenium nidus,,fern,FERN_MOIST,"Bird's Nest Fern is a fern valued for soft texture and lush foliage. Listings should mention humidity acclimation, pot size, and whether fronds have any normal shipping/cosmetic crisping.","Medium to bright indirect light; avoid hot direct sun. Keep evenly moist, not soggy; avoid drying completely. High humidity preferred; dry air causes crisp fronds. Soil: Moist, organic, well-draining fern mix.",medium_to_bright_indirect,even_moist,high,moist_fern_mix,Gentle airflow helps prevent disease while retaining humidity.,intermediate,likely_nontoxic,mvp_seed_needs_taxonomy_and_toxicity_review,"Bird's Nest Fern, fern, Moisture-loving fern, plant care, rooted plant, local pickup"
kangaroo-paw-fern,Kangaroo Paw Fern,Microsorum diversifolium,,fern,FERN_MOIST,"Kangaroo Paw Fern is a fern valued for soft texture and lush foliage. Listings should mention humidity acclimation, pot size, and whether fronds have any normal shipping/cosmetic crisping.","Medium to bright indirect light; avoid hot direct sun. Keep evenly moist, not soggy; avoid drying completely. High humidity preferred; dry air causes crisp fronds. Soil: Moist, organic, well-draining fern mix.",medium_to_bright_indirect,even_moist,high,moist_fern_mix,Gentle airflow helps prevent disease while retaining humidity.,intermediate,likely_nontoxic,mvp_seed_needs_taxonomy_and_toxicity_review,"Kangaroo Paw Fern, fern, Moisture-loving fern, plant care, rooted plant, local pickup"
lemon-button-fern,Lemon Button Fern,Nephrolepis cordifolia 'Duffii',,fern,FERN_MOIST,"Lemon Button Fern is a fern valued for soft texture and lush foliage. Listings should mention humidity acclimation, pot size, and whether fronds have any normal shipping/cosmetic crisping.","Medium to bright indirect light; avoid hot direct sun. Keep evenly moist, not soggy; avoid drying completely. High humidity preferred; dry air causes crisp fronds. Soil: Moist, organic, well-draining fern mix.",medium_to_bright_indirect,even_moist,high,moist_fern_mix,Gentle airflow helps prevent disease while retaining humidity.,intermediate,likely_nontoxic,mvp_seed_needs_taxonomy_and_toxicity_review,"Lemon Button Fern, fern, Moisture-loving fern, plant care, rooted plant, local pickup"
rabbit-s-foot-fern,Rabbit's Foot Fern,Davallia fejeensis,,fern,FERN_MOIST,"Rabbit's Foot Fern is a fern valued for soft texture and lush foliage. Listings should mention humidity acclimation, pot size, and whether fronds have any normal shipping/cosmetic crisping.","Medium to bright indirect light; avoid hot direct sun. Keep evenly moist, not soggy; avoid drying completely. High humidity preferred; dry air causes crisp fronds. Soil: Moist, organic, well-draining fern mix.",medium_to_bright_indirect,even_moist,high,moist_fern_mix,Gentle airflow helps prevent disease while retaining humidity.,intermediate,likely_nontoxic,mvp_seed_needs_taxonomy_and_toxicity_review,"Rabbit's Foot Fern, fern, Moisture-loving fern, plant care, rooted plant, local pickup"
asparagus-fern,Asparagus Fern,Asparagus setaceus,,fern,FERN_MOIST,"Asparagus Fern is a fern valued for soft texture and lush foliage. Listings should mention humidity acclimation, pot size, and whether fronds have any normal shipping/cosmetic crisping.","Medium to bright indirect light; avoid hot direct sun. Keep evenly moist, not soggy; avoid drying completely. High humidity preferred; dry air causes crisp fronds. Soil: Moist, organic, well-draining fern mix.",medium_to_bright_indirect,even_moist,high,moist_fern_mix,Gentle airflow helps prevent disease while retaining humidity.,intermediate,likely_toxic,mvp_seed_needs_taxonomy_and_toxicity_review,"Asparagus Fern, fern, Moisture-loving fern, plant care, rooted plant, local pickup"
venus-flytrap,Venus Flytrap,Dionaea muscipula,,carnivorous,CARNIVOROUS,Venus Flytrap is a carnivorous plant usually sold to hobbyists who can provide mineral-free water and strong light. Listings should clearly state water requirements and shipping acclimation.,Very bright light; many need direct sun. Keep consistently wet with distilled/rain/RO water; avoid tap water minerals. Average to high depending on species; airflow still matters. Soil: Nutrient-poor peat/sphagnum and perlite/sand; never fertilized potting soil.,bright_to_direct,wet_bog,average_to_high,carnivorous_bog_mix,Use airflow to prevent mold in wet media.,intermediate,likely_nontoxic,mvp_seed_needs_taxonomy_and_toxicity_review,"Venus Flytrap, carnivorous, Carnivorous bog plant, plant care, rooted plant, local pickup"
tropical-pitcher-plant,Tropical Pitcher Plant,Nepenthes spp.,Nepenthes,carnivorous,CARNIVOROUS,Tropical Pitcher Plant is a carnivorous plant usually sold to hobbyists who can provide mineral-free water and strong light. Listings should clearly state water requirements and shipping acclimation.,Very bright light; many need direct sun. Keep consistently wet with distilled/rain/RO water; avoid tap water minerals. Average to high depending on species; airflow still matters. Soil: Nutrient-poor peat/sphagnum and perlite/sand; never fertilized potting soil.,bright_to_direct,wet_bog,average_to_high,carnivorous_bog_mix,Use airflow to prevent mold in wet media.,intermediate,likely_nontoxic,mvp_seed_needs_taxonomy_and_toxicity_review,"Tropical Pitcher Plant, carnivorous, Carnivorous bog plant, plant care, rooted plant, local pickup"
american-pitcher-plant,American Pitcher Plant,Sarracenia spp.,Sarracenia,carnivorous,CARNIVOROUS,American Pitcher Plant is a carnivorous plant usually sold to hobbyists who can provide mineral-free water and strong light. Listings should clearly state water requirements and shipping acclimation.,Very bright light; many need direct sun. Keep consistently wet with distilled/rain/RO water; avoid tap water minerals. Average to high depending on species; airflow still matters. Soil: Nutrient-poor peat/sphagnum and perlite/sand; never fertilized potting soil.,bright_to_direct,wet_bog,average_to_high,carnivorous_bog_mix,Use airflow to prevent mold in wet media.,intermediate,likely_nontoxic,mvp_seed_needs_taxonomy_and_toxicity_review,"American Pitcher Plant, carnivorous, Carnivorous bog plant, plant care, rooted plant, local pickup"
sundew,Sundew,Drosera spp.,,carnivorous,CARNIVOROUS,Sundew is a carnivorous plant usually sold to hobbyists who can provide mineral-free water and strong light. Listings should clearly state water requirements and shipping acclimation.,Very bright light; many need direct sun. Keep consistently wet with distilled/rain/RO water; avoid tap water minerals. Average to high depending on species; airflow still matters. Soil: Nutrient-poor peat/sphagnum and perlite/sand; never fertilized potting soil.,bright_to_direct,wet_bog,average_to_high,carnivorous_bog_mix,Use airflow to prevent mold in wet media.,intermediate,likely_nontoxic,mvp_seed_needs_taxonomy_and_toxicity_review,"Sundew, carnivorous, Carnivorous bog plant, plant care, rooted plant, local pickup"
butterwort,Butterwort,Pinguicula spp.,,carnivorous,CARNIVOROUS,Butterwort is a carnivorous plant usually sold to hobbyists who can provide mineral-free water and strong light. Listings should clearly state water requirements and shipping acclimation.,Very bright light; many need direct sun. Keep consistently wet with distilled/rain/RO water; avoid tap water minerals. Average to high depending on species; airflow still matters. Soil: Nutrient-poor peat/sphagnum and perlite/sand; never fertilized potting soil.,bright_to_direct,wet_bog,average_to_high,carnivorous_bog_mix,Use airflow to prevent mold in wet media.,intermediate,likely_nontoxic,mvp_seed_needs_taxonomy_and_toxicity_review,"Butterwort, carnivorous, Carnivorous bog plant, plant care, rooted plant, local pickup"
sweet-basil,Sweet Basil,Ocimum basilicum,Basil,herb,HERB_MOIST,"Sweet Basil is a leafy culinary herb sold for cooking, fresh harvests, and container gardening. Listings should emphasize freshness, harvest size, and light/water needs.",Bright light to full sun; some afternoon shade in hot climates. Keep evenly moist but not soggy; containers dry quickly. Average humidity is fine. Soil: Rich potting mix or garden soil with good drainage.,bright_to_full_sun,even_moist,average,rich_well_draining,Airflow reduces mildew and fungus gnats.,easy,likely_nontoxic,mvp_seed_needs_taxonomy_and_toxicity_review,"Sweet Basil, herb, Leafy culinary herb, plant care, rooted plant, local pickup"
thai-basil,Thai Basil,Ocimum basilicum var. thyrsiflora,,herb,HERB_MOIST,"Thai Basil is a leafy culinary herb sold for cooking, fresh harvests, and container gardening. Listings should emphasize freshness, harvest size, and light/water needs.",Bright light to full sun; some afternoon shade in hot climates. Keep evenly moist but not soggy; containers dry quickly. Average humidity is fine. Soil: Rich potting mix or garden soil with good drainage.,bright_to_full_sun,even_moist,average,rich_well_draining,Airflow reduces mildew and fungus gnats.,easy,likely_nontoxic,mvp_seed_needs_taxonomy_and_toxicity_review,"Thai Basil, herb, Leafy culinary herb, plant care, rooted plant, local pickup"
mint,Mint,Mentha spp.,,herb,HERB_MOIST,"Mint is a leafy culinary herb sold for cooking, fresh harvests, and container gardening. Listings should emphasize freshness, harvest size, and light/water needs.",Bright light to full sun; some afternoon shade in hot climates. Keep evenly moist but not soggy; containers dry quickly. Average humidity is fine. Soil: Rich potting mix or garden soil with good drainage.,bright_to_full_sun,even_moist,average,rich_well_draining,Airflow reduces mildew and fungus gnats.,easy,likely_nontoxic,mvp_seed_needs_taxonomy_and_toxicity_review,"Mint, herb, Leafy culinary herb, plant care, rooted plant, local pickup"
spearmint,Spearmint,Mentha spicata,,herb,HERB_MOIST,"Spearmint is a leafy culinary herb sold for cooking, fresh harvests, and container gardening. Listings should emphasize freshness, harvest size, and light/water needs.",Bright light to full sun; some afternoon shade in hot climates. Keep evenly moist but not soggy; containers dry quickly. Average humidity is fine. Soil: Rich potting mix or garden soil with good drainage.,bright_to_full_sun,even_moist,average,rich_well_draining,Airflow reduces mildew and fungus gnats.,easy,likely_nontoxic,mvp_seed_needs_taxonomy_and_toxicity_review,"Spearmint, herb, Leafy culinary herb, plant care, rooted plant, local pickup"
rosemary,Rosemary,Salvia rosmarinus,Rosmarinus officinalis,herb,HERB_MEDITERRANEAN,"Rosemary is a culinary herb commonly sold for fragrance, cooking, and sunny container gardens. Listings should mention pot size, harvest readiness, and outdoor/indoor suitability.","Full sun outdoors or the brightest indoor window/grow light. Let the top soil dry; avoid constant wet roots. Average to low humidity; prefers airflow. Soil: Lean, very well-draining mix; add perlite, pumice, or sand.",full_sun,moderate_to_dry,low_to_average,lean_well_draining,Excellent airflow improves flavor and reduces mildew.,easy_to_intermediate,likely_nontoxic,mvp_seed_needs_taxonomy_and_toxicity_review,"Rosemary, herb, Mediterranean herb, plant care, rooted plant, local pickup"
thyme,Thyme,Thymus vulgaris,,herb,HERB_MEDITERRANEAN,"Thyme is a culinary herb commonly sold for fragrance, cooking, and sunny container gardens. Listings should mention pot size, harvest readiness, and outdoor/indoor suitability.","Full sun outdoors or the brightest indoor window/grow light. Let the top soil dry; avoid constant wet roots. Average to low humidity; prefers airflow. Soil: Lean, very well-draining mix; add perlite, pumice, or sand.",full_sun,moderate_to_dry,low_to_average,lean_well_draining,Excellent airflow improves flavor and reduces mildew.,easy_to_intermediate,likely_nontoxic,mvp_seed_needs_taxonomy_and_toxicity_review,"Thyme, herb, Mediterranean herb, plant care, rooted plant, local pickup"
oregano,Oregano,Origanum vulgare,,herb,HERB_MEDITERRANEAN,"Oregano is a culinary herb commonly sold for fragrance, cooking, and sunny container gardens. Listings should mention pot size, harvest readiness, and outdoor/indoor suitability.","Full sun outdoors or the brightest indoor window/grow light. Let the top soil dry; avoid constant wet roots. Average to low humidity; prefers airflow. Soil: Lean, very well-draining mix; add perlite, pumice, or sand.",full_sun,moderate_to_dry,low_to_average,lean_well_draining,Excellent airflow improves flavor and reduces mildew.,easy_to_intermediate,likely_nontoxic,mvp_seed_needs_taxonomy_and_toxicity_review,"Oregano, herb, Mediterranean herb, plant care, rooted plant, local pickup"
parsley,Parsley,Petroselinum crispum,,herb,HERB_MOIST,"Parsley is a leafy culinary herb sold for cooking, fresh harvests, and container gardening. Listings should emphasize freshness, harvest size, and light/water needs.",Bright light to full sun; some afternoon shade in hot climates. Keep evenly moist but not soggy; containers dry quickly. Average humidity is fine. Soil: Rich potting mix or garden soil with good drainage.,bright_to_full_sun,even_moist,average,rich_well_draining,Airflow reduces mildew and fungus gnats.,easy,likely_nontoxic,mvp_seed_needs_taxonomy_and_toxicity_review,"Parsley, herb, Leafy culinary herb, plant care, rooted plant, local pickup"
cilantro,Cilantro,Coriandrum sativum,Coriander,herb,HERB_MOIST,"Cilantro is a leafy culinary herb sold for cooking, fresh harvests, and container gardening. Listings should emphasize freshness, harvest size, and light/water needs.",Bright light to full sun; some afternoon shade in hot climates. Keep evenly moist but not soggy; containers dry quickly. Average humidity is fine. Soil: Rich potting mix or garden soil with good drainage.,bright_to_full_sun,even_moist,average,rich_well_draining,Airflow reduces mildew and fungus gnats.,easy,likely_nontoxic,mvp_seed_needs_taxonomy_and_toxicity_review,"Cilantro, herb, Leafy culinary herb, plant care, rooted plant, local pickup"
chives,Chives,Allium schoenoprasum,,herb,HERB_MOIST,"Chives is a leafy culinary herb sold for cooking, fresh harvests, and container gardening. Listings should emphasize freshness, harvest size, and light/water needs.",Bright light to full sun; some afternoon shade in hot climates. Keep evenly moist but not soggy; containers dry quickly. Average humidity is fine. Soil: Rich potting mix or garden soil with good drainage.,bright_to_full_sun,even_moist,average,rich_well_draining,Airflow reduces mildew and fungus gnats.,easy,likely_toxic,mvp_seed_needs_taxonomy_and_toxicity_review,"Chives, herb, Leafy culinary herb, plant care, rooted plant, local pickup"
dill,Dill,Anethum graveolens,,herb,HERB_MOIST,"Dill is a leafy culinary herb sold for cooking, fresh harvests, and container gardening. Listings should emphasize freshness, harvest size, and light/water needs.",Bright light to full sun; some afternoon shade in hot climates. Keep evenly moist but not soggy; containers dry quickly. Average humidity is fine. Soil: Rich potting mix or garden soil with good drainage.,bright_to_full_sun,even_moist,average,rich_well_draining,Airflow reduces mildew and fungus gnats.,easy,likely_nontoxic,mvp_seed_needs_taxonomy_and_toxicity_review,"Dill, herb, Leafy culinary herb, plant care, rooted plant, local pickup"
sage,Sage,Salvia officinalis,,herb,HERB_MEDITERRANEAN,"Sage is a culinary herb commonly sold for fragrance, cooking, and sunny container gardens. Listings should mention pot size, harvest readiness, and outdoor/indoor suitability.","Full sun outdoors or the brightest indoor window/grow light. Let the top soil dry; avoid constant wet roots. Average to low humidity; prefers airflow. Soil: Lean, very well-draining mix; add perlite, pumice, or sand.",full_sun,moderate_to_dry,low_to_average,lean_well_draining,Excellent airflow improves flavor and reduces mildew.,easy_to_intermediate,likely_nontoxic,mvp_seed_needs_taxonomy_and_toxicity_review,"Sage, herb, Mediterranean herb, plant care, rooted plant, local pickup"
lavender,Lavender,Lavandula angustifolia,,herb,HERB_MEDITERRANEAN,"Lavender is a culinary herb commonly sold for fragrance, cooking, and sunny container gardens. Listings should mention pot size, harvest readiness, and outdoor/indoor suitability.","Full sun outdoors or the brightest indoor window/grow light. Let the top soil dry; avoid constant wet roots. Average to low humidity; prefers airflow. Soil: Lean, very well-draining mix; add perlite, pumice, or sand.",full_sun,moderate_to_dry,low_to_average,lean_well_draining,Excellent airflow improves flavor and reduces mildew.,easy_to_intermediate,likely_toxic,mvp_seed_needs_taxonomy_and_toxicity_review,"Lavender, herb, Mediterranean herb, plant care, rooted plant, local pickup"
lemongrass,Lemongrass,Cymbopogon citratus,,herb,HERB_MOIST,"Lemongrass is a leafy culinary herb sold for cooking, fresh harvests, and container gardening. Listings should emphasize freshness, harvest size, and light/water needs.",Bright light to full sun; some afternoon shade in hot climates. Keep evenly moist but not soggy; containers dry quickly. Average humidity is fine. Soil: Rich potting mix or garden soil with good drainage.,bright_to_full_sun,even_moist,average,rich_well_draining,Airflow reduces mildew and fungus gnats.,easy,likely_nontoxic,mvp_seed_needs_taxonomy_and_toxicity_review,"Lemongrass, herb, Leafy culinary herb, plant care, rooted plant, local pickup"
catnip,Catnip,Nepeta cataria,,herb,HERB_MOIST,"Catnip is a leafy culinary herb sold for cooking, fresh harvests, and container gardening. Listings should emphasize freshness, harvest size, and light/water needs.",Bright light to full sun; some afternoon shade in hot climates. Keep evenly moist but not soggy; containers dry quickly. Average humidity is fine. Soil: Rich potting mix or garden soil with good drainage.,bright_to_full_sun,even_moist,average,rich_well_draining,Airflow reduces mildew and fungus gnats.,easy,likely_nontoxic,mvp_seed_needs_taxonomy_and_toxicity_review,"Catnip, herb, Leafy culinary herb, plant care, rooted plant, local pickup"
stevia,Stevia,Stevia rebaudiana,,herb,HERB_MOIST,"Stevia is a leafy culinary herb sold for cooking, fresh harvests, and container gardening. Listings should emphasize freshness, harvest size, and light/water needs.",Bright light to full sun; some afternoon shade in hot climates. Keep evenly moist but not soggy; containers dry quickly. Average humidity is fine. Soil: Rich potting mix or garden soil with good drainage.,bright_to_full_sun,even_moist,average,rich_well_draining,Airflow reduces mildew and fungus gnats.,easy,likely_nontoxic,mvp_seed_needs_taxonomy_and_toxicity_review,"Stevia, herb, Leafy culinary herb, plant care, rooted plant, local pickup"
bay-laurel,Bay Laurel,Laurus nobilis,Sweet bay,herb,HERB_MEDITERRANEAN,"Bay Laurel is a culinary herb commonly sold for fragrance, cooking, and sunny container gardens. Listings should mention pot size, harvest readiness, and outdoor/indoor suitability.","Full sun outdoors or the brightest indoor window/grow light. Let the top soil dry; avoid constant wet roots. Average to low humidity; prefers airflow. Soil: Lean, very well-draining mix; add perlite, pumice, or sand.",full_sun,moderate_to_dry,low_to_average,lean_well_draining,Excellent airflow improves flavor and reduces mildew.,easy_to_intermediate,likely_toxic,mvp_seed_needs_taxonomy_and_toxicity_review,"Bay Laurel, herb, Mediterranean herb, plant care, rooted plant, local pickup"
lemon-balm,Lemon Balm,Melissa officinalis,,herb,HERB_MOIST,"Lemon Balm is a leafy culinary herb sold for cooking, fresh harvests, and container gardening. Listings should emphasize freshness, harvest size, and light/water needs.",Bright light to full sun; some afternoon shade in hot climates. Keep evenly moist but not soggy; containers dry quickly. Average humidity is fine. Soil: Rich potting mix or garden soil with good drainage.,bright_to_full_sun,even_moist,average,rich_well_draining,Airflow reduces mildew and fungus gnats.,easy,likely_nontoxic,mvp_seed_needs_taxonomy_and_toxicity_review,"Lemon Balm, herb, Leafy culinary herb, plant care, rooted plant, local pickup"
tarragon,Tarragon,Artemisia dracunculus,,herb,HERB_MEDITERRANEAN,"Tarragon is a culinary herb commonly sold for fragrance, cooking, and sunny container gardens. Listings should mention pot size, harvest readiness, and outdoor/indoor suitability.","Full sun outdoors or the brightest indoor window/grow light. Let the top soil dry; avoid constant wet roots. Average to low humidity; prefers airflow. Soil: Lean, very well-draining mix; add perlite, pumice, or sand.",full_sun,moderate_to_dry,low_to_average,lean_well_draining,Excellent airflow improves flavor and reduces mildew.,easy_to_intermediate,likely_nontoxic,mvp_seed_needs_taxonomy_and_toxicity_review,"Tarragon, herb, Mediterranean herb, plant care, rooted plant, local pickup"
marjoram,Marjoram,Origanum majorana,,herb,HERB_MEDITERRANEAN,"Marjoram is a culinary herb commonly sold for fragrance, cooking, and sunny container gardens. Listings should mention pot size, harvest readiness, and outdoor/indoor suitability.","Full sun outdoors or the brightest indoor window/grow light. Let the top soil dry; avoid constant wet roots. Average to low humidity; prefers airflow. Soil: Lean, very well-draining mix; add perlite, pumice, or sand.",full_sun,moderate_to_dry,low_to_average,lean_well_draining,Excellent airflow improves flavor and reduces mildew.,easy_to_intermediate,likely_nontoxic,mvp_seed_needs_taxonomy_and_toxicity_review,"Marjoram, herb, Mediterranean herb, plant care, rooted plant, local pickup"
tomato,Tomato,Solanum lycopersicum,,edible_starter,VEGETABLE_FULL_SUN,"Tomato is an edible starter plant for sunny gardens, patios, or containers. Listings should include variety if known, pot size, hardening-off status, and expected growth habit.","Full sun, ideally 6+ hours outdoors or strong grow light. Consistent watering; avoid drought stress and waterlogged roots. Average outdoor humidity; airflow is important. Soil: Rich, fertile, well-draining soil or container mix.",full_sun,consistent_moist,average,rich_well_draining,Good spacing and airflow reduce disease.,easy_to_intermediate,likely_toxic,mvp_seed_needs_taxonomy_and_toxicity_review,"Tomato, edible starter, Fruiting vegetable / edible starter, plant care, rooted plant, local pickup"
cherry-tomato,Cherry Tomato,Solanum lycopersicum var. cerasiforme,,edible_starter,VEGETABLE_FULL_SUN,"Cherry Tomato is an edible starter plant for sunny gardens, patios, or containers. Listings should include variety if known, pot size, hardening-off status, and expected growth habit.","Full sun, ideally 6+ hours outdoors or strong grow light. Consistent watering; avoid drought stress and waterlogged roots. Average outdoor humidity; airflow is important. Soil: Rich, fertile, well-draining soil or container mix.",full_sun,consistent_moist,average,rich_well_draining,Good spacing and airflow reduce disease.,easy_to_intermediate,likely_toxic,mvp_seed_needs_taxonomy_and_toxicity_review,"Cherry Tomato, edible starter, Fruiting vegetable / edible starter, plant care, rooted plant, local pickup"
bell-pepper,Bell Pepper,Capsicum annuum,,edible_starter,VEGETABLE_FULL_SUN,"Bell Pepper is an edible starter plant for sunny gardens, patios, or containers. Listings should include variety if known, pot size, hardening-off status, and expected growth habit.","Full sun, ideally 6+ hours outdoors or strong grow light. Consistent watering; avoid drought stress and waterlogged roots. Average outdoor humidity; airflow is important. Soil: Rich, fertile, well-draining soil or container mix.",full_sun,consistent_moist,average,rich_well_draining,Good spacing and airflow reduce disease.,easy_to_intermediate,likely_nontoxic,mvp_seed_needs_taxonomy_and_toxicity_review,"Bell Pepper, edible starter, Fruiting vegetable / edible starter, plant care, rooted plant, local pickup"
hot-pepper,Hot Pepper,Capsicum annuum,Chili pepper,edible_starter,VEGETABLE_FULL_SUN,"Hot Pepper is an edible starter plant for sunny gardens, patios, or containers. Listings should include variety if known, pot size, hardening-off status, and expected growth habit.","Full sun, ideally 6+ hours outdoors or strong grow light. Consistent watering; avoid drought stress and waterlogged roots. Average outdoor humidity; airflow is important. Soil: Rich, fertile, well-draining soil or container mix.",full_sun,consistent_moist,average,rich_well_draining,Good spacing and airflow reduce disease.,easy_to_intermediate,likely_nontoxic,mvp_seed_needs_taxonomy_and_toxicity_review,"Hot Pepper, edible starter, Fruiting vegetable / edible starter, plant care, rooted plant, local pickup"
lettuce,Lettuce,Lactuca sativa,,edible_starter,HERB_MOIST,"Lettuce is a leafy culinary herb sold for cooking, fresh harvests, and container gardening. Listings should emphasize freshness, harvest size, and light/water needs.",Bright light to full sun; some afternoon shade in hot climates. Keep evenly moist but not soggy; containers dry quickly. Average humidity is fine. Soil: Rich potting mix or garden soil with good drainage.,bright_to_full_sun,even_moist,average,rich_well_draining,Airflow reduces mildew and fungus gnats.,easy,likely_nontoxic,mvp_seed_needs_taxonomy_and_toxicity_review,"Lettuce, edible starter, Leafy culinary herb, plant care, rooted plant, local pickup"
kale,Kale,Brassica oleracea var. sabellica,,edible_starter,HERB_MOIST,"Kale is a leafy culinary herb sold for cooking, fresh harvests, and container gardening. Listings should emphasize freshness, harvest size, and light/water needs.",Bright light to full sun; some afternoon shade in hot climates. Keep evenly moist but not soggy; containers dry quickly. Average humidity is fine. Soil: Rich potting mix or garden soil with good drainage.,bright_to_full_sun,even_moist,average,rich_well_draining,Airflow reduces mildew and fungus gnats.,easy,likely_nontoxic,mvp_seed_needs_taxonomy_and_toxicity_review,"Kale, edible starter, Leafy culinary herb, plant care, rooted plant, local pickup"
spinach,Spinach,Spinacia oleracea,,edible_starter,HERB_MOIST,"Spinach is a leafy culinary herb sold for cooking, fresh harvests, and container gardening. Listings should emphasize freshness, harvest size, and light/water needs.",Bright light to full sun; some afternoon shade in hot climates. Keep evenly moist but not soggy; containers dry quickly. Average humidity is fine. Soil: Rich potting mix or garden soil with good drainage.,bright_to_full_sun,even_moist,average,rich_well_draining,Airflow reduces mildew and fungus gnats.,easy,likely_nontoxic,mvp_seed_needs_taxonomy_and_toxicity_review,"Spinach, edible starter, Leafy culinary herb, plant care, rooted plant, local pickup"
arugula,Arugula,Eruca vesicaria,,edible_starter,HERB_MOIST,"Arugula is a leafy culinary herb sold for cooking, fresh harvests, and container gardening. Listings should emphasize freshness, harvest size, and light/water needs.",Bright light to full sun; some afternoon shade in hot climates. Keep evenly moist but not soggy; containers dry quickly. Average humidity is fine. Soil: Rich potting mix or garden soil with good drainage.,bright_to_full_sun,even_moist,average,rich_well_draining,Airflow reduces mildew and fungus gnats.,easy,likely_nontoxic,mvp_seed_needs_taxonomy_and_toxicity_review,"Arugula, edible starter, Leafy culinary herb, plant care, rooted plant, local pickup"
swiss-chard,Swiss Chard,Beta vulgaris subsp. vulgaris,,edible_starter,HERB_MOIST,"Swiss Chard is a leafy culinary herb sold for cooking, fresh harvests, and container gardening. Listings should emphasize freshness, harvest size, and light/water needs.",Bright light to full sun; some afternoon shade in hot climates. Keep evenly moist but not soggy; containers dry quickly. Average humidity is fine. Soil: Rich potting mix or garden soil with good drainage.,bright_to_full_sun,even_moist,average,rich_well_draining,Airflow reduces mildew and fungus gnats.,easy,likely_nontoxic,mvp_seed_needs_taxonomy_and_toxicity_review,"Swiss Chard, edible starter, Leafy culinary herb, plant care, rooted plant, local pickup"
cucumber,Cucumber,Cucumis sativus,,edible_starter,VEGETABLE_FULL_SUN,"Cucumber is an edible starter plant for sunny gardens, patios, or containers. Listings should include variety if known, pot size, hardening-off status, and expected growth habit.","Full sun, ideally 6+ hours outdoors or strong grow light. Consistent watering; avoid drought stress and waterlogged roots. Average outdoor humidity; airflow is important. Soil: Rich, fertile, well-draining soil or container mix.",full_sun,consistent_moist,average,rich_well_draining,Good spacing and airflow reduce disease.,easy_to_intermediate,likely_nontoxic,mvp_seed_needs_taxonomy_and_toxicity_review,"Cucumber, edible starter, Fruiting vegetable / edible starter, plant care, rooted plant, local pickup"
zucchini,Zucchini,Cucurbita pepo,,edible_starter,VEGETABLE_FULL_SUN,"Zucchini is an edible starter plant for sunny gardens, patios, or containers. Listings should include variety if known, pot size, hardening-off status, and expected growth habit.","Full sun, ideally 6+ hours outdoors or strong grow light. Consistent watering; avoid drought stress and waterlogged roots. Average outdoor humidity; airflow is important. Soil: Rich, fertile, well-draining soil or container mix.",full_sun,consistent_moist,average,rich_well_draining,Good spacing and airflow reduce disease.,easy_to_intermediate,likely_nontoxic,mvp_seed_needs_taxonomy_and_toxicity_review,"Zucchini, edible starter, Fruiting vegetable / edible starter, plant care, rooted plant, local pickup"
snap-pea,Snap Pea,Pisum sativum,Pea,edible_starter,VEGETABLE_FULL_SUN,"Snap Pea is an edible starter plant for sunny gardens, patios, or containers. Listings should include variety if known, pot size, hardening-off status, and expected growth habit.","Full sun, ideally 6+ hours outdoors or strong grow light. Consistent watering; avoid drought stress and waterlogged roots. Average outdoor humidity; airflow is important. Soil: Rich, fertile, well-draining soil or container mix.",full_sun,consistent_moist,average,rich_well_draining,Good spacing and airflow reduce disease.,easy_to_intermediate,likely_nontoxic,mvp_seed_needs_taxonomy_and_toxicity_review,"Snap Pea, edible starter, Fruiting vegetable / edible starter, plant care, rooted plant, local pickup"
green-bean,Green Bean,Phaseolus vulgaris,,edible_starter,VEGETABLE_FULL_SUN,"Green Bean is an edible starter plant for sunny gardens, patios, or containers. Listings should include variety if known, pot size, hardening-off status, and expected growth habit.","Full sun, ideally 6+ hours outdoors or strong grow light. Consistent watering; avoid drought stress and waterlogged roots. Average outdoor humidity; airflow is important. Soil: Rich, fertile, well-draining soil or container mix.",full_sun,consistent_moist,average,rich_well_draining,Good spacing and airflow reduce disease.,easy_to_intermediate,likely_nontoxic,mvp_seed_needs_taxonomy_and_toxicity_review,"Green Bean, edible starter, Fruiting vegetable / edible starter, plant care, rooted plant, local pickup"
strawberry,Strawberry,Fragaria x ananassa,,edible_starter,VEGETABLE_FULL_SUN,"Strawberry is an edible starter plant for sunny gardens, patios, or containers. Listings should include variety if known, pot size, hardening-off status, and expected growth habit.","Full sun, ideally 6+ hours outdoors or strong grow light. Consistent watering; avoid drought stress and waterlogged roots. Average outdoor humidity; airflow is important. Soil: Rich, fertile, well-draining soil or container mix.",full_sun,consistent_moist,average,rich_well_draining,Good spacing and airflow reduce disease.,easy_to_intermediate,likely_nontoxic,mvp_seed_needs_taxonomy_and_toxicity_review,"Strawberry, edible starter, Fruiting vegetable / edible starter, plant care, rooted plant, local pickup"
blueberry,Blueberry,Vaccinium corymbosum,,edible_starter,SHRUB_FLOWERING,"Blueberry is a shrub or woody ornamental sold for landscape structure, flowers, fruit, or evergreen foliage. Listings should include container size, mature size, and climate suitability.",Usually part sun to full sun; check species and climate. Deep watering while establishing; then species-appropriate irrigation. Outdoor humidity is fine; choose climate-appropriate plants. Soil: Garden soil matched to species pH/drainage needs.,part_sun_to_full_sun,deep_establishment,outdoor_variable,garden_species_specific,Prune/space for airflow and bloom performance.,easy_to_intermediate,likely_nontoxic,mvp_seed_needs_taxonomy_and_toxicity_review,"Blueberry, edible starter, Flowering shrub / landscape plant, plant care, rooted plant, local pickup"
raspberry,Raspberry,Rubus idaeus,,edible_starter,SHRUB_FLOWERING,"Raspberry is a shrub or woody ornamental sold for landscape structure, flowers, fruit, or evergreen foliage. Listings should include container size, mature size, and climate suitability.",Usually part sun to full sun; check species and climate. Deep watering while establishing; then species-appropriate irrigation. Outdoor humidity is fine; choose climate-appropriate plants. Soil: Garden soil matched to species pH/drainage needs.,part_sun_to_full_sun,deep_establishment,outdoor_variable,garden_species_specific,Prune/space for airflow and bloom performance.,easy_to_intermediate,likely_nontoxic,mvp_seed_needs_taxonomy_and_toxicity_review,"Raspberry, edible starter, Flowering shrub / landscape plant, plant care, rooted plant, local pickup"
blackberry,Blackberry,Rubus fruticosus agg.,,edible_starter,SHRUB_FLOWERING,"Blackberry is a shrub or woody ornamental sold for landscape structure, flowers, fruit, or evergreen foliage. Listings should include container size, mature size, and climate suitability.",Usually part sun to full sun; check species and climate. Deep watering while establishing; then species-appropriate irrigation. Outdoor humidity is fine; choose climate-appropriate plants. Soil: Garden soil matched to species pH/drainage needs.,part_sun_to_full_sun,deep_establishment,outdoor_variable,garden_species_specific,Prune/space for airflow and bloom performance.,easy_to_intermediate,likely_nontoxic,mvp_seed_needs_taxonomy_and_toxicity_review,"Blackberry, edible starter, Flowering shrub / landscape plant, plant care, rooted plant, local pickup"
eggplant,Eggplant,Solanum melongena,,edible_starter,VEGETABLE_FULL_SUN,"Eggplant is an edible starter plant for sunny gardens, patios, or containers. Listings should include variety if known, pot size, hardening-off status, and expected growth habit.","Full sun, ideally 6+ hours outdoors or strong grow light. Consistent watering; avoid drought stress and waterlogged roots. Average outdoor humidity; airflow is important. Soil: Rich, fertile, well-draining soil or container mix.",full_sun,consistent_moist,average,rich_well_draining,Good spacing and airflow reduce disease.,easy_to_intermediate,likely_toxic,mvp_seed_needs_taxonomy_and_toxicity_review,"Eggplant, edible starter, Fruiting vegetable / edible starter, plant care, rooted plant, local pickup"
broccoli,Broccoli,Brassica oleracea var. italica,,edible_starter,VEGETABLE_FULL_SUN,"Broccoli is an edible starter plant for sunny gardens, patios, or containers. Listings should include variety if known, pot size, hardening-off status, and expected growth habit.","Full sun, ideally 6+ hours outdoors or strong grow light. Consistent watering; avoid drought stress and waterlogged roots. Average outdoor humidity; airflow is important. Soil: Rich, fertile, well-draining soil or container mix.",full_sun,consistent_moist,average,rich_well_draining,Good spacing and airflow reduce disease.,easy_to_intermediate,likely_nontoxic,mvp_seed_needs_taxonomy_and_toxicity_review,"Broccoli, edible starter, Fruiting vegetable / edible starter, plant care, rooted plant, local pickup"
cabbage,Cabbage,Brassica oleracea var. capitata,,edible_starter,VEGETABLE_FULL_SUN,"Cabbage is an edible starter plant for sunny gardens, patios, or containers. Listings should include variety if known, pot size, hardening-off status, and expected growth habit.","Full sun, ideally 6+ hours outdoors or strong grow light. Consistent watering; avoid drought stress and waterlogged roots. Average outdoor humidity; airflow is important. Soil: Rich, fertile, well-draining soil or container mix.",full_sun,consistent_moist,average,rich_well_draining,Good spacing and airflow reduce disease.,easy_to_intermediate,likely_nontoxic,mvp_seed_needs_taxonomy_and_toxicity_review,"Cabbage, edible starter, Fruiting vegetable / edible starter, plant care, rooted plant, local pickup"
bok-choy,Bok Choy,Brassica rapa subsp. chinensis,,edible_starter,HERB_MOIST,"Bok Choy is a leafy culinary herb sold for cooking, fresh harvests, and container gardening. Listings should emphasize freshness, harvest size, and light/water needs.",Bright light to full sun; some afternoon shade in hot climates. Keep evenly moist but not soggy; containers dry quickly. Average humidity is fine. Soil: Rich potting mix or garden soil with good drainage.,bright_to_full_sun,even_moist,average,rich_well_draining,Airflow reduces mildew and fungus gnats.,easy,likely_nontoxic,mvp_seed_needs_taxonomy_and_toxicity_review,"Bok Choy, edible starter, Leafy culinary herb, plant care, rooted plant, local pickup"
culinary-ginger,Culinary Ginger,Zingiber officinale,Ginger,edible_starter,HERB_MOIST,"Culinary Ginger is a leafy culinary herb sold for cooking, fresh harvests, and container gardening. Listings should emphasize freshness, harvest size, and light/water needs.",Bright light to full sun; some afternoon shade in hot climates. Keep evenly moist but not soggy; containers dry quickly. Average humidity is fine. Soil: Rich potting mix or garden soil with good drainage.,bright_to_full_sun,even_moist,average,rich_well_draining,Airflow reduces mildew and fungus gnats.,easy,likely_nontoxic,mvp_seed_needs_taxonomy_and_toxicity_review,"Culinary Ginger, edible starter, Leafy culinary herb, plant care, rooted plant, local pickup"
turmeric,Turmeric,Curcuma longa,,edible_starter,HERB_MOIST,"Turmeric is a leafy culinary herb sold for cooking, fresh harvests, and container gardening. Listings should emphasize freshness, harvest size, and light/water needs.",Bright light to full sun; some afternoon shade in hot climates. Keep evenly moist but not soggy; containers dry quickly. Average humidity is fine. Soil: Rich potting mix or garden soil with good drainage.,bright_to_full_sun,even_moist,average,rich_well_draining,Airflow reduces mildew and fungus gnats.,easy,likely_nontoxic,mvp_seed_needs_taxonomy_and_toxicity_review,"Turmeric, edible starter, Leafy culinary herb, plant care, rooted plant, local pickup"
marigold,Marigold,Tagetes patula,,outdoor_annual,OUTDOOR_ANNUAL,"Marigold is a seasonal flowering annual or foliage plant used for instant color in containers and beds. Listings should mention bloom color, sun needs, and whether it is a multi-pack or single pot.","Full sun to part sun depending on species. Water when the top soil dries; containers may need frequent watering. Outdoor humidity is fine; avoid crowded stagnant plantings. Soil: Fertile, well-draining garden or container mix.",sun_to_part_sun,moderate_consistent,outdoor_variable,rich_well_draining,Spacing and deadheading help reduce disease and prolong bloom.,easy,likely_toxic,mvp_seed_needs_taxonomy_and_toxicity_review,"Marigold, outdoor annual, Outdoor flowering annual, plant care, rooted plant, local pickup"
petunia,Petunia,Petunia x atkinsiana,,outdoor_annual,OUTDOOR_ANNUAL,"Petunia is a seasonal flowering annual or foliage plant used for instant color in containers and beds. Listings should mention bloom color, sun needs, and whether it is a multi-pack or single pot.","Full sun to part sun depending on species. Water when the top soil dries; containers may need frequent watering. Outdoor humidity is fine; avoid crowded stagnant plantings. Soil: Fertile, well-draining garden or container mix.",sun_to_part_sun,moderate_consistent,outdoor_variable,rich_well_draining,Spacing and deadheading help reduce disease and prolong bloom.,easy,likely_nontoxic,mvp_seed_needs_taxonomy_and_toxicity_review,"Petunia, outdoor annual, Outdoor flowering annual, plant care, rooted plant, local pickup"
pansy,Pansy,Viola x wittrockiana,,outdoor_annual,OUTDOOR_ANNUAL,"Pansy is a seasonal flowering annual or foliage plant used for instant color in containers and beds. Listings should mention bloom color, sun needs, and whether it is a multi-pack or single pot.","Full sun to part sun depending on species. Water when the top soil dries; containers may need frequent watering. Outdoor humidity is fine; avoid crowded stagnant plantings. Soil: Fertile, well-draining garden or container mix.",sun_to_part_sun,moderate_consistent,outdoor_variable,rich_well_draining,Spacing and deadheading help reduce disease and prolong bloom.,easy,likely_nontoxic,mvp_seed_needs_taxonomy_and_toxicity_review,"Pansy, outdoor annual, Outdoor flowering annual, plant care, rooted plant, local pickup"
impatiens,Impatiens,Impatiens walleriana,,outdoor_annual,OUTDOOR_ANNUAL,"Impatiens is a seasonal flowering annual or foliage plant used for instant color in containers and beds. Listings should mention bloom color, sun needs, and whether it is a multi-pack or single pot.","Full sun to part sun depending on species. Water when the top soil dries; containers may need frequent watering. Outdoor humidity is fine; avoid crowded stagnant plantings. Soil: Fertile, well-draining garden or container mix.",sun_to_part_sun,moderate_consistent,outdoor_variable,rich_well_draining,Spacing and deadheading help reduce disease and prolong bloom.,easy,likely_nontoxic,mvp_seed_needs_taxonomy_and_toxicity_review,"Impatiens, outdoor annual, Outdoor flowering annual, plant care, rooted plant, local pickup"
geranium,Geranium,Pelargonium x hortorum,,outdoor_annual,OUTDOOR_ANNUAL,"Geranium is a seasonal flowering annual or foliage plant used for instant color in containers and beds. Listings should mention bloom color, sun needs, and whether it is a multi-pack or single pot.","Full sun to part sun depending on species. Water when the top soil dries; containers may need frequent watering. Outdoor humidity is fine; avoid crowded stagnant plantings. Soil: Fertile, well-draining garden or container mix.",sun_to_part_sun,moderate_consistent,outdoor_variable,rich_well_draining,Spacing and deadheading help reduce disease and prolong bloom.,easy,likely_toxic,mvp_seed_needs_taxonomy_and_toxicity_review,"Geranium, outdoor annual, Outdoor flowering annual, plant care, rooted plant, local pickup"
zinnia,Zinnia,Zinnia elegans,,outdoor_annual,OUTDOOR_ANNUAL,"Zinnia is a seasonal flowering annual or foliage plant used for instant color in containers and beds. Listings should mention bloom color, sun needs, and whether it is a multi-pack or single pot.","Full sun to part sun depending on species. Water when the top soil dries; containers may need frequent watering. Outdoor humidity is fine; avoid crowded stagnant plantings. Soil: Fertile, well-draining garden or container mix.",sun_to_part_sun,moderate_consistent,outdoor_variable,rich_well_draining,Spacing and deadheading help reduce disease and prolong bloom.,easy,likely_nontoxic,mvp_seed_needs_taxonomy_and_toxicity_review,"Zinnia, outdoor annual, Outdoor flowering annual, plant care, rooted plant, local pickup"
sunflower,Sunflower,Helianthus annuus,,outdoor_annual,OUTDOOR_ANNUAL,"Sunflower is a seasonal flowering annual or foliage plant used for instant color in containers and beds. Listings should mention bloom color, sun needs, and whether it is a multi-pack or single pot.","Full sun to part sun depending on species. Water when the top soil dries; containers may need frequent watering. Outdoor humidity is fine; avoid crowded stagnant plantings. Soil: Fertile, well-draining garden or container mix.",sun_to_part_sun,moderate_consistent,outdoor_variable,rich_well_draining,Spacing and deadheading help reduce disease and prolong bloom.,easy,likely_nontoxic,mvp_seed_needs_taxonomy_and_toxicity_review,"Sunflower, outdoor annual, Outdoor flowering annual, plant care, rooted plant, local pickup"
snapdragon,Snapdragon,Antirrhinum majus,,outdoor_annual,OUTDOOR_ANNUAL,"Snapdragon is a seasonal flowering annual or foliage plant used for instant color in containers and beds. Listings should mention bloom color, sun needs, and whether it is a multi-pack or single pot.","Full sun to part sun depending on species. Water when the top soil dries; containers may need frequent watering. Outdoor humidity is fine; avoid crowded stagnant plantings. Soil: Fertile, well-draining garden or container mix.",sun_to_part_sun,moderate_consistent,outdoor_variable,rich_well_draining,Spacing and deadheading help reduce disease and prolong bloom.,easy,likely_nontoxic,mvp_seed_needs_taxonomy_and_toxicity_review,"Snapdragon, outdoor annual, Outdoor flowering annual, plant care, rooted plant, local pickup"
coleus,Coleus,Coleus scutellarioides,,outdoor_annual,OUTDOOR_ANNUAL,"Coleus is a seasonal flowering annual or foliage plant used for instant color in containers and beds. Listings should mention bloom color, sun needs, and whether it is a multi-pack or single pot.","Full sun to part sun depending on species. Water when the top soil dries; containers may need frequent watering. Outdoor humidity is fine; avoid crowded stagnant plantings. Soil: Fertile, well-draining garden or container mix.",sun_to_part_sun,moderate_consistent,outdoor_variable,rich_well_draining,Spacing and deadheading help reduce disease and prolong bloom.,easy,likely_toxic,mvp_seed_needs_taxonomy_and_toxicity_review,"Coleus, outdoor annual, Outdoor flowering annual, plant care, rooted plant, local pickup"
caladium,Caladium,Caladium bicolor,,outdoor_tropical,ALOCASIA,"Caladium is a tropical elephant-ear style plant with bold leaves and a seasonal growth rhythm. Listings should mention corm/leaf status, acclimation, and whether the plant is actively growing or entering dormancy.","Bright indirect light; some morning sun can work after acclimation. Keep evenly moist during growth, letting the top layer dry; reduce watering in dormancy. Moderate to high humidity, ideally 50-70%. Soil: Chunky but moisture-retentive mix; avoid dense wet soil around corms.",bright_indirect,even_moist_seasonal,high,chunky_aroid_moist,Good airflow helps prevent pests and fungal spots in humid setups.,intermediate,likely_toxic,mvp_seed_needs_taxonomy_and_toxicity_review,"Caladium, outdoor tropical, Alocasia / elephant-ear tropical, plant care, rooted plant, local pickup"
new-guinea-impatiens,New Guinea Impatiens,Impatiens hawkeri,,outdoor_annual,OUTDOOR_ANNUAL,"New Guinea Impatiens is a seasonal flowering annual or foliage plant used for instant color in containers and beds. Listings should mention bloom color, sun needs, and whether it is a multi-pack or single pot.","Full sun to part sun depending on species. Water when the top soil dries; containers may need frequent watering. Outdoor humidity is fine; avoid crowded stagnant plantings. Soil: Fertile, well-draining garden or container mix.",sun_to_part_sun,moderate_consistent,outdoor_variable,rich_well_draining,Spacing and deadheading help reduce disease and prolong bloom.,easy,likely_nontoxic,mvp_seed_needs_taxonomy_and_toxicity_review,"New Guinea Impatiens, outdoor annual, Outdoor flowering annual, plant care, rooted plant, local pickup"
verbena,Verbena,Verbena x hybrida,,outdoor_annual,OUTDOOR_ANNUAL,"Verbena is a seasonal flowering annual or foliage plant used for instant color in containers and beds. Listings should mention bloom color, sun needs, and whether it is a multi-pack or single pot.","Full sun to part sun depending on species. Water when the top soil dries; containers may need frequent watering. Outdoor humidity is fine; avoid crowded stagnant plantings. Soil: Fertile, well-draining garden or container mix.",sun_to_part_sun,moderate_consistent,outdoor_variable,rich_well_draining,Spacing and deadheading help reduce disease and prolong bloom.,easy,likely_toxic,mvp_seed_needs_taxonomy_and_toxicity_review,"Verbena, outdoor annual, Outdoor flowering annual, plant care, rooted plant, local pickup"
lantana,Lantana,Lantana camara,,outdoor_shrub,SHRUB_FLOWERING,"Lantana is a shrub or woody ornamental sold for landscape structure, flowers, fruit, or evergreen foliage. Listings should include container size, mature size, and climate suitability.",Usually part sun to full sun; check species and climate. Deep watering while establishing; then species-appropriate irrigation. Outdoor humidity is fine; choose climate-appropriate plants. Soil: Garden soil matched to species pH/drainage needs.,part_sun_to_full_sun,deep_establishment,outdoor_variable,garden_species_specific,Prune/space for airflow and bloom performance.,easy_to_intermediate,likely_toxic,mvp_seed_needs_taxonomy_and_toxicity_review,"Lantana, outdoor shrub, Flowering shrub / landscape plant, plant care, rooted plant, local pickup"
salvia,Salvia,Salvia splendens,,outdoor_annual,OUTDOOR_ANNUAL,"Salvia is a seasonal flowering annual or foliage plant used for instant color in containers and beds. Listings should mention bloom color, sun needs, and whether it is a multi-pack or single pot.","Full sun to part sun depending on species. Water when the top soil dries; containers may need frequent watering. Outdoor humidity is fine; avoid crowded stagnant plantings. Soil: Fertile, well-draining garden or container mix.",sun_to_part_sun,moderate_consistent,outdoor_variable,rich_well_draining,Spacing and deadheading help reduce disease and prolong bloom.,easy,likely_nontoxic,mvp_seed_needs_taxonomy_and_toxicity_review,"Salvia, outdoor annual, Outdoor flowering annual, plant care, rooted plant, local pickup"
coneflower,Coneflower,Echinacea purpurea,Echinacea,outdoor_perennial,OUTDOOR_PERENNIAL,"Coneflower is a perennial landscape plant bought for repeat-season value, pollinator appeal, foliage, or flowers. Listings should include sun exposure, mature size, and local hardiness notes.","Match species to full sun, part sun, or shade. Water to establish; many need less once rooted. Outdoor humidity is fine. Soil: Well-draining garden soil amended for the species.",varies_by_species,establish_then_moderate,outdoor_variable,garden_well_draining,Good spacing reduces fungal pressure.,easy_to_intermediate,likely_nontoxic,mvp_seed_needs_taxonomy_and_toxicity_review,"Coneflower, outdoor perennial, Outdoor perennial, plant care, rooted plant, local pickup"
black-eyed-susan,Black-Eyed Susan,Rudbeckia hirta,,outdoor_perennial,OUTDOOR_PERENNIAL,"Black-Eyed Susan is a perennial landscape plant bought for repeat-season value, pollinator appeal, foliage, or flowers. Listings should include sun exposure, mature size, and local hardiness notes.","Match species to full sun, part sun, or shade. Water to establish; many need less once rooted. Outdoor humidity is fine. Soil: Well-draining garden soil amended for the species.",varies_by_species,establish_then_moderate,outdoor_variable,garden_well_draining,Good spacing reduces fungal pressure.,easy_to_intermediate,likely_nontoxic,mvp_seed_needs_taxonomy_and_toxicity_review,"Black-Eyed Susan, outdoor perennial, Outdoor perennial, plant care, rooted plant, local pickup"
hosta,Hosta,Hosta spp.,,outdoor_perennial,OUTDOOR_PERENNIAL,"Hosta is a perennial landscape plant bought for repeat-season value, pollinator appeal, foliage, or flowers. Listings should include sun exposure, mature size, and local hardiness notes.","Match species to full sun, part sun, or shade. Water to establish; many need less once rooted. Outdoor humidity is fine. Soil: Well-draining garden soil amended for the species.",varies_by_species,establish_then_moderate,outdoor_variable,garden_well_draining,Good spacing reduces fungal pressure.,easy_to_intermediate,likely_toxic,mvp_seed_needs_taxonomy_and_toxicity_review,"Hosta, outdoor perennial, Outdoor perennial, plant care, rooted plant, local pickup"
hydrangea,Hydrangea,Hydrangea macrophylla,,outdoor_shrub,SHRUB_FLOWERING,"Hydrangea is a shrub or woody ornamental sold for landscape structure, flowers, fruit, or evergreen foliage. Listings should include container size, mature size, and climate suitability.",Usually part sun to full sun; check species and climate. Deep watering while establishing; then species-appropriate irrigation. Outdoor humidity is fine; choose climate-appropriate plants. Soil: Garden soil matched to species pH/drainage needs.,part_sun_to_full_sun,deep_establishment,outdoor_variable,garden_species_specific,Prune/space for airflow and bloom performance.,easy_to_intermediate,likely_toxic,mvp_seed_needs_taxonomy_and_toxicity_review,"Hydrangea, outdoor shrub, Flowering shrub / landscape plant, plant care, rooted plant, local pickup"
azalea,Azalea,Rhododendron spp.,,outdoor_shrub,SHRUB_FLOWERING,"Azalea is a shrub or woody ornamental sold for landscape structure, flowers, fruit, or evergreen foliage. Listings should include container size, mature size, and climate suitability.",Usually part sun to full sun; check species and climate. Deep watering while establishing; then species-appropriate irrigation. Outdoor humidity is fine; choose climate-appropriate plants. Soil: Garden soil matched to species pH/drainage needs.,part_sun_to_full_sun,deep_establishment,outdoor_variable,garden_species_specific,Prune/space for airflow and bloom performance.,easy_to_intermediate,likely_toxic,mvp_seed_needs_taxonomy_and_toxicity_review,"Azalea, outdoor shrub, Flowering shrub / landscape plant, plant care, rooted plant, local pickup"
gardenia,Gardenia,Gardenia jasminoides,,outdoor_shrub,SHRUB_FLOWERING,"Gardenia is a shrub or woody ornamental sold for landscape structure, flowers, fruit, or evergreen foliage. Listings should include container size, mature size, and climate suitability.",Usually part sun to full sun; check species and climate. Deep watering while establishing; then species-appropriate irrigation. Outdoor humidity is fine; choose climate-appropriate plants. Soil: Garden soil matched to species pH/drainage needs.,part_sun_to_full_sun,deep_establishment,outdoor_variable,garden_species_specific,Prune/space for airflow and bloom performance.,easy_to_intermediate,likely_nontoxic,mvp_seed_needs_taxonomy_and_toxicity_review,"Gardenia, outdoor shrub, Flowering shrub / landscape plant, plant care, rooted plant, local pickup"
camellia,Camellia,Camellia japonica,,outdoor_shrub,SHRUB_FLOWERING,"Camellia is a shrub or woody ornamental sold for landscape structure, flowers, fruit, or evergreen foliage. Listings should include container size, mature size, and climate suitability.",Usually part sun to full sun; check species and climate. Deep watering while establishing; then species-appropriate irrigation. Outdoor humidity is fine; choose climate-appropriate plants. Soil: Garden soil matched to species pH/drainage needs.,part_sun_to_full_sun,deep_establishment,outdoor_variable,garden_species_specific,Prune/space for airflow and bloom performance.,easy_to_intermediate,likely_nontoxic,mvp_seed_needs_taxonomy_and_toxicity_review,"Camellia, outdoor shrub, Flowering shrub / landscape plant, plant care, rooted plant, local pickup"
tropical-hibiscus,Tropical Hibiscus,Hibiscus rosa-sinensis,,outdoor_shrub,SHRUB_FLOWERING,"Tropical Hibiscus is a shrub or woody ornamental sold for landscape structure, flowers, fruit, or evergreen foliage. Listings should include container size, mature size, and climate suitability.",Usually part sun to full sun; check species and climate. Deep watering while establishing; then species-appropriate irrigation. Outdoor humidity is fine; choose climate-appropriate plants. Soil: Garden soil matched to species pH/drainage needs.,part_sun_to_full_sun,deep_establishment,outdoor_variable,garden_species_specific,Prune/space for airflow and bloom performance.,easy_to_intermediate,likely_nontoxic,mvp_seed_needs_taxonomy_and_toxicity_review,"Tropical Hibiscus, outdoor shrub, Flowering shrub / landscape plant, plant care, rooted plant, local pickup"
rose,Rose,Rosa spp.,,outdoor_shrub,SHRUB_FLOWERING,"Rose is a shrub or woody ornamental sold for landscape structure, flowers, fruit, or evergreen foliage. Listings should include container size, mature size, and climate suitability.",Usually part sun to full sun; check species and climate. Deep watering while establishing; then species-appropriate irrigation. Outdoor humidity is fine; choose climate-appropriate plants. Soil: Garden soil matched to species pH/drainage needs.,part_sun_to_full_sun,deep_establishment,outdoor_variable,garden_species_specific,Prune/space for airflow and bloom performance.,easy_to_intermediate,likely_nontoxic,mvp_seed_needs_taxonomy_and_toxicity_review,"Rose, outdoor shrub, Flowering shrub / landscape plant, plant care, rooted plant, local pickup"
bougainvillea,Bougainvillea,Bougainvillea spp.,,outdoor_shrub,SHRUB_FLOWERING,"Bougainvillea is a shrub or woody ornamental sold for landscape structure, flowers, fruit, or evergreen foliage. Listings should include container size, mature size, and climate suitability.",Usually part sun to full sun; check species and climate. Deep watering while establishing; then species-appropriate irrigation. Outdoor humidity is fine; choose climate-appropriate plants. Soil: Garden soil matched to species pH/drainage needs.,part_sun_to_full_sun,deep_establishment,outdoor_variable,garden_species_specific,Prune/space for airflow and bloom performance.,easy_to_intermediate,likely_toxic,mvp_seed_needs_taxonomy_and_toxicity_review,"Bougainvillea, outdoor shrub, Flowering shrub / landscape plant, plant care, rooted plant, local pickup"
milkweed,Milkweed,Asclepias spp.,,outdoor_perennial,OUTDOOR_PERENNIAL,"Milkweed is a perennial landscape plant bought for repeat-season value, pollinator appeal, foliage, or flowers. Listings should include sun exposure, mature size, and local hardiness notes.","Match species to full sun, part sun, or shade. Water to establish; many need less once rooted. Outdoor humidity is fine. Soil: Well-draining garden soil amended for the species.",varies_by_species,establish_then_moderate,outdoor_variable,garden_well_draining,Good spacing reduces fungal pressure.,easy_to_intermediate,likely_toxic,mvp_seed_needs_taxonomy_and_toxicity_review,"Milkweed, outdoor perennial, Outdoor perennial, plant care, rooted plant, local pickup"
dogwood,Dogwood,Cornus florida,,outdoor_tree,SHRUB_FLOWERING,"Dogwood is a shrub or woody ornamental sold for landscape structure, flowers, fruit, or evergreen foliage. Listings should include container size, mature size, and climate suitability.",Usually part sun to full sun; check species and climate. Deep watering while establishing; then species-appropriate irrigation. Outdoor humidity is fine; choose climate-appropriate plants. Soil: Garden soil matched to species pH/drainage needs.,part_sun_to_full_sun,deep_establishment,outdoor_variable,garden_species_specific,Prune/space for airflow and bloom performance.,easy_to_intermediate,likely_nontoxic,mvp_seed_needs_taxonomy_and_toxicity_review,"Dogwood, outdoor tree, Flowering shrub / landscape plant, plant care, rooted plant, local pickup"
fuchsia,Fuchsia,Fuchsia x hybrida,,outdoor_annual,OUTDOOR_ANNUAL,"Fuchsia is a seasonal flowering annual or foliage plant used for instant color in containers and beds. Listings should mention bloom color, sun needs, and whether it is a multi-pack or single pot.","Full sun to part sun depending on species. Water when the top soil dries; containers may need frequent watering. Outdoor humidity is fine; avoid crowded stagnant plantings. Soil: Fertile, well-draining garden or container mix.",sun_to_part_sun,moderate_consistent,outdoor_variable,rich_well_draining,Spacing and deadheading help reduce disease and prolong bloom.,easy,likely_nontoxic,mvp_seed_needs_taxonomy_and_toxicity_review,"Fuchsia, outdoor annual, Outdoor flowering annual, plant care, rooted plant, local pickup"
dahlia,Dahlia,Dahlia pinnata,,outdoor_perennial,OUTDOOR_PERENNIAL,"Dahlia is a perennial landscape plant bought for repeat-season value, pollinator appeal, foliage, or flowers. Listings should include sun exposure, mature size, and local hardiness notes.","Match species to full sun, part sun, or shade. Water to establish; many need less once rooted. Outdoor humidity is fine. Soil: Well-draining garden soil amended for the species.",varies_by_species,establish_then_moderate,outdoor_variable,garden_well_draining,Good spacing reduces fungal pressure.,easy_to_intermediate,likely_toxic,mvp_seed_needs_taxonomy_and_toxicity_review,"Dahlia, outdoor perennial, Outdoor perennial, plant care, rooted plant, local pickup"
chrysanthemum,Chrysanthemum,Chrysanthemum morifolium,Mum,outdoor_annual,OUTDOOR_ANNUAL,"Chrysanthemum is a seasonal flowering annual or foliage plant used for instant color in containers and beds. Listings should mention bloom color, sun needs, and whether it is a multi-pack or single pot.","Full sun to part sun depending on species. Water when the top soil dries; containers may need frequent watering. Outdoor humidity is fine; avoid crowded stagnant plantings. Soil: Fertile, well-draining garden or container mix.",sun_to_part_sun,moderate_consistent,outdoor_variable,rich_well_draining,Spacing and deadheading help reduce disease and prolong bloom.,easy,likely_toxic,mvp_seed_needs_taxonomy_and_toxicity_review,"Chrysanthemum, outdoor annual, Outdoor flowering annual, plant care, rooted plant, local pickup"
gerbera-daisy,Gerbera Daisy,Gerbera jamesonii,,outdoor_annual,OUTDOOR_ANNUAL,"Gerbera Daisy is a seasonal flowering annual or foliage plant used for instant color in containers and beds. Listings should mention bloom color, sun needs, and whether it is a multi-pack or single pot.","Full sun to part sun depending on species. Water when the top soil dries; containers may need frequent watering. Outdoor humidity is fine; avoid crowded stagnant plantings. Soil: Fertile, well-draining garden or container mix.",sun_to_part_sun,moderate_consistent,outdoor_variable,rich_well_draining,Spacing and deadheading help reduce disease and prolong bloom.,easy,likely_nontoxic,mvp_seed_needs_taxonomy_and_toxicity_review,"Gerbera Daisy, outdoor annual, Outdoor flowering annual, plant care, rooted plant, local pickup"
alyssum,Alyssum,Lobularia maritima,,outdoor_annual,OUTDOOR_ANNUAL,"Alyssum is a seasonal flowering annual or foliage plant used for instant color in containers and beds. Listings should mention bloom color, sun needs, and whether it is a multi-pack or single pot.","Full sun to part sun depending on species. Water when the top soil dries; containers may need frequent watering. Outdoor humidity is fine; avoid crowded stagnant plantings. Soil: Fertile, well-draining garden or container mix.",sun_to_part_sun,moderate_consistent,outdoor_variable,rich_well_draining,Spacing and deadheading help reduce disease and prolong bloom.,easy,likely_nontoxic,mvp_seed_needs_taxonomy_and_toxicity_review,"Alyssum, outdoor annual, Outdoor flowering annual, plant care, rooted plant, local pickup"
sweet-pea,Sweet Pea,Lathyrus odoratus,,outdoor_annual,OUTDOOR_ANNUAL,"Sweet Pea is a seasonal flowering annual or foliage plant used for instant color in containers and beds. Listings should mention bloom color, sun needs, and whether it is a multi-pack or single pot.","Full sun to part sun depending on species. Water when the top soil dries; containers may need frequent watering. Outdoor humidity is fine; avoid crowded stagnant plantings. Soil: Fertile, well-draining garden or container mix.",sun_to_part_sun,moderate_consistent,outdoor_variable,rich_well_draining,Spacing and deadheading help reduce disease and prolong bloom.,easy,likely_toxic,mvp_seed_needs_taxonomy_and_toxicity_review,"Sweet Pea, outdoor annual, Outdoor flowering annual, plant care, rooted plant, local pickup"
nasturtium,Nasturtium,Tropaeolum majus,,outdoor_annual,OUTDOOR_ANNUAL,"Nasturtium is a seasonal flowering annual or foliage plant used for instant color in containers and beds. Listings should mention bloom color, sun needs, and whether it is a multi-pack or single pot.","Full sun to part sun depending on species. Water when the top soil dries; containers may need frequent watering. Outdoor humidity is fine; avoid crowded stagnant plantings. Soil: Fertile, well-draining garden or container mix.",sun_to_part_sun,moderate_consistent,outdoor_variable,rich_well_draining,Spacing and deadheading help reduce disease and prolong bloom.,easy,likely_nontoxic,mvp_seed_needs_taxonomy_and_toxicity_review,"Nasturtium, outdoor annual, Outdoor flowering annual, plant care, rooted plant, local pickup"
foxglove,Foxglove,Digitalis purpurea,,outdoor_perennial,OUTDOOR_PERENNIAL,"Foxglove is a perennial landscape plant bought for repeat-season value, pollinator appeal, foliage, or flowers. Listings should include sun exposure, mature size, and local hardiness notes.","Match species to full sun, part sun, or shade. Water to establish; many need less once rooted. Outdoor humidity is fine. Soil: Well-draining garden soil amended for the species.",varies_by_species,establish_then_moderate,outdoor_variable,garden_well_draining,Good spacing reduces fungal pressure.,easy_to_intermediate,likely_toxic,mvp_seed_needs_taxonomy_and_toxicity_review,"Foxglove, outdoor perennial, Outdoor perennial, plant care, rooted plant, local pickup"
delphinium,Delphinium,Delphinium spp.,,outdoor_perennial,OUTDOOR_PERENNIAL,"Delphinium is a perennial landscape plant bought for repeat-season value, pollinator appeal, foliage, or flowers. Listings should include sun exposure, mature size, and local hardiness notes.","Match species to full sun, part sun, or shade. Water to establish; many need less once rooted. Outdoor humidity is fine. Soil: Well-draining garden soil amended for the species.",varies_by_species,establish_then_moderate,outdoor_variable,garden_well_draining,Good spacing reduces fungal pressure.,easy_to_intermediate,likely_toxic,mvp_seed_needs_taxonomy_and_toxicity_review,"Delphinium, outdoor perennial, Outdoor perennial, plant care, rooted plant, local pickup"
coreopsis,Coreopsis,Coreopsis verticillata,,outdoor_perennial,OUTDOOR_PERENNIAL,"Coreopsis is a perennial landscape plant bought for repeat-season value, pollinator appeal, foliage, or flowers. Listings should include sun exposure, mature size, and local hardiness notes.","Match species to full sun, part sun, or shade. Water to establish; many need less once rooted. Outdoor humidity is fine. Soil: Well-draining garden soil amended for the species.",varies_by_species,establish_then_moderate,outdoor_variable,garden_well_draining,Good spacing reduces fungal pressure.,easy_to_intermediate,likely_nontoxic,mvp_seed_needs_taxonomy_and_toxicity_review,"Coreopsis, outdoor perennial, Outdoor perennial, plant care, rooted plant, local pickup"
yarrow,Yarrow,Achillea millefolium,,outdoor_perennial,OUTDOOR_PERENNIAL,"Yarrow is a perennial landscape plant bought for repeat-season value, pollinator appeal, foliage, or flowers. Listings should include sun exposure, mature size, and local hardiness notes.","Match species to full sun, part sun, or shade. Water to establish; many need less once rooted. Outdoor humidity is fine. Soil: Well-draining garden soil amended for the species.",varies_by_species,establish_then_moderate,outdoor_variable,garden_well_draining,Good spacing reduces fungal pressure.,easy_to_intermediate,likely_toxic,mvp_seed_needs_taxonomy_and_toxicity_review,"Yarrow, outdoor perennial, Outdoor perennial, plant care, rooted plant, local pickup"
shasta-daisy,Shasta Daisy,Leucanthemum x superbum,,outdoor_perennial,OUTDOOR_PERENNIAL,"Shasta Daisy is a perennial landscape plant bought for repeat-season value, pollinator appeal, foliage, or flowers. Listings should include sun exposure, mature size, and local hardiness notes.","Match species to full sun, part sun, or shade. Water to establish; many need less once rooted. Outdoor humidity is fine. Soil: Well-draining garden soil amended for the species.",varies_by_species,establish_then_moderate,outdoor_variable,garden_well_draining,Good spacing reduces fungal pressure.,easy_to_intermediate,likely_toxic,mvp_seed_needs_taxonomy_and_toxicity_review,"Shasta Daisy, outdoor perennial, Outdoor perennial, plant care, rooted plant, local pickup"
sedum-autumn-joy,Sedum Autumn Joy,Hylotelephium telephium 'Herbstfreude',Autumn Joy sedum,outdoor_perennial,SUCCULENT,"Sedum Autumn Joy is a succulent valued for shape, color, drought tolerance, and easy shipping. Listings should mention light exposure, size, rooted status, and whether it has been grown indoors or outdoors.","Very bright light; many need several hours of direct sun or strong grow light. Soak thoroughly, then let mix dry completely before watering again. Low to average humidity is fine. Soil: Fast-draining cactus/succulent mix with pumice, perlite, or grit.",bright_to_direct,dry_cycle,low_to_average,cactus_succulent_gritty,Good airflow and dry leaves/crowns help prevent rot.,easy_to_intermediate,likely_nontoxic,mvp_seed_needs_taxonomy_and_toxicity_review,"Sedum Autumn Joy, outdoor perennial, Succulent / dryland plant, plant care, rooted plant, local pickup"
hellebore,Hellebore,Helleborus orientalis,,outdoor_perennial,OUTDOOR_PERENNIAL,"Hellebore is a perennial landscape plant bought for repeat-season value, pollinator appeal, foliage, or flowers. Listings should include sun exposure, mature size, and local hardiness notes.","Match species to full sun, part sun, or shade. Water to establish; many need less once rooted. Outdoor humidity is fine. Soil: Well-draining garden soil amended for the species.",varies_by_species,establish_then_moderate,outdoor_variable,garden_well_draining,Good spacing reduces fungal pressure.,easy_to_intermediate,likely_toxic,mvp_seed_needs_taxonomy_and_toxicity_review,"Hellebore, outdoor perennial, Outdoor perennial, plant care, rooted plant, local pickup"
heuchera,Heuchera,Heuchera spp.,Coral bells,outdoor_perennial,OUTDOOR_PERENNIAL,"Heuchera is a perennial landscape plant bought for repeat-season value, pollinator appeal, foliage, or flowers. Listings should include sun exposure, mature size, and local hardiness notes.","Match species to full sun, part sun, or shade. Water to establish; many need less once rooted. Outdoor humidity is fine. Soil: Well-draining garden soil amended for the species.",varies_by_species,establish_then_moderate,outdoor_variable,garden_well_draining,Good spacing reduces fungal pressure.,easy_to_intermediate,likely_nontoxic,mvp_seed_needs_taxonomy_and_toxicity_review,"Heuchera, outdoor perennial, Outdoor perennial, plant care, rooted plant, local pickup"
bleeding-heart,Bleeding Heart,Lamprocapnos spectabilis,,outdoor_perennial,OUTDOOR_PERENNIAL,"Bleeding Heart is a perennial landscape plant bought for repeat-season value, pollinator appeal, foliage, or flowers. Listings should include sun exposure, mature size, and local hardiness notes.","Match species to full sun, part sun, or shade. Water to establish; many need less once rooted. Outdoor humidity is fine. Soil: Well-draining garden soil amended for the species.",varies_by_species,establish_then_moderate,outdoor_variable,garden_well_draining,Good spacing reduces fungal pressure.,easy_to_intermediate,likely_toxic,mvp_seed_needs_taxonomy_and_toxicity_review,"Bleeding Heart, outdoor perennial, Outdoor perennial, plant care, rooted plant, local pickup"
daylily,Daylily,Hemerocallis spp.,,outdoor_perennial,OUTDOOR_PERENNIAL,"Daylily is a perennial landscape plant bought for repeat-season value, pollinator appeal, foliage, or flowers. Listings should include sun exposure, mature size, and local hardiness notes.","Match species to full sun, part sun, or shade. Water to establish; many need less once rooted. Outdoor humidity is fine. Soil: Well-draining garden soil amended for the species.",varies_by_species,establish_then_moderate,outdoor_variable,garden_well_draining,Good spacing reduces fungal pressure.,easy_to_intermediate,likely_toxic,mvp_seed_needs_taxonomy_and_toxicity_review,"Daylily, outdoor perennial, Outdoor perennial, plant care, rooted plant, local pickup"
canna-lily,Canna Lily,Canna indica,,outdoor_perennial,OUTDOOR_PERENNIAL,"Canna Lily is a perennial landscape plant bought for repeat-season value, pollinator appeal, foliage, or flowers. Listings should include sun exposure, mature size, and local hardiness notes.","Match species to full sun, part sun, or shade. Water to establish; many need less once rooted. Outdoor humidity is fine. Soil: Well-draining garden soil amended for the species.",varies_by_species,establish_then_moderate,outdoor_variable,garden_well_draining,Good spacing reduces fungal pressure.,easy_to_intermediate,likely_nontoxic,mvp_seed_needs_taxonomy_and_toxicity_review,"Canna Lily, outdoor perennial, Outdoor perennial, plant care, rooted plant, local pickup"
calla-lily,Calla Lily,Zantedeschia aethiopica,,outdoor_tropical,ALOCASIA,"Calla Lily is a tropical elephant-ear style plant with bold leaves and a seasonal growth rhythm. Listings should mention corm/leaf status, acclimation, and whether the plant is actively growing or entering dormancy.","Bright indirect light; some morning sun can work after acclimation. Keep evenly moist during growth, letting the top layer dry; reduce watering in dormancy. Moderate to high humidity, ideally 50-70%. Soil: Chunky but moisture-retentive mix; avoid dense wet soil around corms.",bright_indirect,even_moist_seasonal,high,chunky_aroid_moist,Good airflow helps prevent pests and fungal spots in humid setups.,intermediate,likely_toxic,mvp_seed_needs_taxonomy_and_toxicity_review,"Calla Lily, outdoor tropical, Alocasia / elephant-ear tropical, plant care, rooted plant, local pickup"
iris,Iris,Iris germanica,,outdoor_perennial,OUTDOOR_PERENNIAL,"Iris is a perennial landscape plant bought for repeat-season value, pollinator appeal, foliage, or flowers. Listings should include sun exposure, mature size, and local hardiness notes.","Match species to full sun, part sun, or shade. Water to establish; many need less once rooted. Outdoor humidity is fine. Soil: Well-draining garden soil amended for the species.",varies_by_species,establish_then_moderate,outdoor_variable,garden_well_draining,Good spacing reduces fungal pressure.,easy_to_intermediate,likely_toxic,mvp_seed_needs_taxonomy_and_toxicity_review,"Iris, outdoor perennial, Outdoor perennial, plant care, rooted plant, local pickup"
daffodil,Daffodil,Narcissus pseudonarcissus,,bulb,FLOWERING_POT,"Daffodil is a flowering or seasonal potted plant bought for color, gifts, or windowsill display. Listings should mention bloom status, bud count, and whether it is actively flowering.","Bright indirect light; some gentle sun supports blooms. Keep evenly moist while blooming, then adjust for dormancy or rest period. Average indoor humidity works for most. Soil: Quality potting mix with drainage.",bright_indirect_to_part_sun,even_moist_seasonal,average,standard_well_draining,Avoid hot vents; remove spent blooms and yellow leaves.,easy_to_intermediate,likely_toxic,mvp_seed_needs_taxonomy_and_toxicity_review,"Daffodil, bulb, Flowering potted plant, plant care, rooted plant, local pickup"
tulip,Tulip,Tulipa gesneriana,,bulb,FLOWERING_POT,"Tulip is a flowering or seasonal potted plant bought for color, gifts, or windowsill display. Listings should mention bloom status, bud count, and whether it is actively flowering.","Bright indirect light; some gentle sun supports blooms. Keep evenly moist while blooming, then adjust for dormancy or rest period. Average indoor humidity works for most. Soil: Quality potting mix with drainage.",bright_indirect_to_part_sun,even_moist_seasonal,average,standard_well_draining,Avoid hot vents; remove spent blooms and yellow leaves.,easy_to_intermediate,likely_toxic,mvp_seed_needs_taxonomy_and_toxicity_review,"Tulip, bulb, Flowering potted plant, plant care, rooted plant, local pickup"
crocus,Crocus,Crocus spp.,,bulb,FLOWERING_POT,"Crocus is a flowering or seasonal potted plant bought for color, gifts, or windowsill display. Listings should mention bloom status, bud count, and whether it is actively flowering.","Bright indirect light; some gentle sun supports blooms. Keep evenly moist while blooming, then adjust for dormancy or rest period. Average indoor humidity works for most. Soil: Quality potting mix with drainage.",bright_indirect_to_part_sun,even_moist_seasonal,average,standard_well_draining,Avoid hot vents; remove spent blooms and yellow leaves.,easy_to_intermediate,likely_toxic,mvp_seed_needs_taxonomy_and_toxicity_review,"Crocus, bulb, Flowering potted plant, plant care, rooted plant, local pickup"
dwarf-meyer-lemon,Dwarf Meyer Lemon,Citrus x meyeri,Meyer lemon,fruit_tree,CITRUS_FRUIT,"Dwarf Meyer Lemon is a fruiting container or landscape tree popular for patio growing and edible harvests. Listings should mention age/height, grafted status if known, pot size, and sun exposure.",Full sun outdoors; brightest possible indoor overwintering light. Water deeply when the upper soil dries; avoid soggy roots. Average outdoor humidity; indoors avoid hot dry vents. Soil: Fast-draining citrus/cactus-style container mix.,full_sun,moderate_drydown,average,citrus_fast_draining,Outdoor airflow helps pests/disease; indoor trees need inspection for scale/mites.,intermediate,likely_toxic,mvp_seed_needs_taxonomy_and_toxicity_review,"Dwarf Meyer Lemon, fruit tree, Citrus / fruiting container tree, plant care, rooted plant, local pickup"
key-lime,Key Lime,Citrus aurantiifolia,,fruit_tree,CITRUS_FRUIT,"Key Lime is a fruiting container or landscape tree popular for patio growing and edible harvests. Listings should mention age/height, grafted status if known, pot size, and sun exposure.",Full sun outdoors; brightest possible indoor overwintering light. Water deeply when the upper soil dries; avoid soggy roots. Average outdoor humidity; indoors avoid hot dry vents. Soil: Fast-draining citrus/cactus-style container mix.,full_sun,moderate_drydown,average,citrus_fast_draining,Outdoor airflow helps pests/disease; indoor trees need inspection for scale/mites.,intermediate,likely_toxic,mvp_seed_needs_taxonomy_and_toxicity_review,"Key Lime, fruit tree, Citrus / fruiting container tree, plant care, rooted plant, local pickup"
dwarf-orange,Dwarf Orange,Citrus sinensis,,fruit_tree,CITRUS_FRUIT,"Dwarf Orange is a fruiting container or landscape tree popular for patio growing and edible harvests. Listings should mention age/height, grafted status if known, pot size, and sun exposure.",Full sun outdoors; brightest possible indoor overwintering light. Water deeply when the upper soil dries; avoid soggy roots. Average outdoor humidity; indoors avoid hot dry vents. Soil: Fast-draining citrus/cactus-style container mix.,full_sun,moderate_drydown,average,citrus_fast_draining,Outdoor airflow helps pests/disease; indoor trees need inspection for scale/mites.,intermediate,likely_toxic,mvp_seed_needs_taxonomy_and_toxicity_review,"Dwarf Orange, fruit tree, Citrus / fruiting container tree, plant care, rooted plant, local pickup"
kumquat,Kumquat,Citrus japonica,,fruit_tree,CITRUS_FRUIT,"Kumquat is a fruiting container or landscape tree popular for patio growing and edible harvests. Listings should mention age/height, grafted status if known, pot size, and sun exposure.",Full sun outdoors; brightest possible indoor overwintering light. Water deeply when the upper soil dries; avoid soggy roots. Average outdoor humidity; indoors avoid hot dry vents. Soil: Fast-draining citrus/cactus-style container mix.,full_sun,moderate_drydown,average,citrus_fast_draining,Outdoor airflow helps pests/disease; indoor trees need inspection for scale/mites.,intermediate,likely_toxic,mvp_seed_needs_taxonomy_and_toxicity_review,"Kumquat, fruit tree, Citrus / fruiting container tree, plant care, rooted plant, local pickup"
fig-tree,Fig Tree,Ficus carica,Common fig,fruit_tree,CITRUS_FRUIT,"Fig Tree is a fruiting container or landscape tree popular for patio growing and edible harvests. Listings should mention age/height, grafted status if known, pot size, and sun exposure.",Full sun outdoors; brightest possible indoor overwintering light. Water deeply when the upper soil dries; avoid soggy roots. Average outdoor humidity; indoors avoid hot dry vents. Soil: Fast-draining citrus/cactus-style container mix.,full_sun,moderate_drydown,average,citrus_fast_draining,Outdoor airflow helps pests/disease; indoor trees need inspection for scale/mites.,intermediate,likely_toxic,mvp_seed_needs_taxonomy_and_toxicity_review,"Fig Tree, fruit tree, Citrus / fruiting container tree, plant care, rooted plant, local pickup"
olive-tree,Olive Tree,Olea europaea,,fruit_tree,CITRUS_FRUIT,"Olive Tree is a fruiting container or landscape tree popular for patio growing and edible harvests. Listings should mention age/height, grafted status if known, pot size, and sun exposure.",Full sun outdoors; brightest possible indoor overwintering light. Water deeply when the upper soil dries; avoid soggy roots. Average outdoor humidity; indoors avoid hot dry vents. Soil: Fast-draining citrus/cactus-style container mix.,full_sun,moderate_drydown,average,citrus_fast_draining,Outdoor airflow helps pests/disease; indoor trees need inspection for scale/mites.,intermediate,likely_nontoxic,mvp_seed_needs_taxonomy_and_toxicity_review,"Olive Tree, fruit tree, Citrus / fruiting container tree, plant care, rooted plant, local pickup"
dwarf-pomegranate,Dwarf Pomegranate,Punica granatum var. nana,,fruit_tree,CITRUS_FRUIT,"Dwarf Pomegranate is a fruiting container or landscape tree popular for patio growing and edible harvests. Listings should mention age/height, grafted status if known, pot size, and sun exposure.",Full sun outdoors; brightest possible indoor overwintering light. Water deeply when the upper soil dries; avoid soggy roots. Average outdoor humidity; indoors avoid hot dry vents. Soil: Fast-draining citrus/cactus-style container mix.,full_sun,moderate_drydown,average,citrus_fast_draining,Outdoor airflow helps pests/disease; indoor trees need inspection for scale/mites.,intermediate,likely_nontoxic,mvp_seed_needs_taxonomy_and_toxicity_review,"Dwarf Pomegranate, fruit tree, Citrus / fruiting container tree, plant care, rooted plant, local pickup"
ficus-bonsai,Ficus Bonsai,Ficus microcarpa,Ginseng ficus bonsai,bonsai,BONSAI_TREE,"Ficus Bonsai is a bonsai or bonsai-suitable tree sold for form, trunk character, and training potential. Listings should mention indoor/outdoor requirements, pot style, and maintenance level.",Very bright light; outdoor species should live outdoors. Check often; shallow pots dry quickly but should not stay waterlogged. Species-specific; indoor bonsai dislike dry hot vents. Soil: Bonsai mix with akadama/pumice/lava or species-appropriate gritty mix.,bright_to_full_sun,frequent_check,varies,bonsai_gritty,Outdoor airflow is ideal for many bonsai.,intermediate_to_advanced,likely_toxic,mvp_seed_needs_taxonomy_and_toxicity_review,"Ficus Bonsai, bonsai, Bonsai / small tree in shallow pot, plant care, rooted plant, local pickup"
juniper-bonsai,Juniper Bonsai,Juniperus procumbens,,bonsai,BONSAI_TREE,"Juniper Bonsai is a bonsai or bonsai-suitable tree sold for form, trunk character, and training potential. Listings should mention indoor/outdoor requirements, pot style, and maintenance level.",Very bright light; outdoor species should live outdoors. Check often; shallow pots dry quickly but should not stay waterlogged. Species-specific; indoor bonsai dislike dry hot vents. Soil: Bonsai mix with akadama/pumice/lava or species-appropriate gritty mix.,bright_to_full_sun,frequent_check,varies,bonsai_gritty,Outdoor airflow is ideal for many bonsai.,intermediate_to_advanced,likely_toxic,mvp_seed_needs_taxonomy_and_toxicity_review,"Juniper Bonsai, bonsai, Bonsai / small tree in shallow pot, plant care, rooted plant, local pickup"
japanese-maple,Japanese Maple,Acer palmatum,,bonsai,BONSAI_TREE,"Japanese Maple is a bonsai or bonsai-suitable tree sold for form, trunk character, and training potential. Listings should mention indoor/outdoor requirements, pot style, and maintenance level.",Very bright light; outdoor species should live outdoors. Check often; shallow pots dry quickly but should not stay waterlogged. Species-specific; indoor bonsai dislike dry hot vents. Soil: Bonsai mix with akadama/pumice/lava or species-appropriate gritty mix.,bright_to_full_sun,frequent_check,varies,bonsai_gritty,Outdoor airflow is ideal for many bonsai.,intermediate_to_advanced,likely_nontoxic,mvp_seed_needs_taxonomy_and_toxicity_review,"Japanese Maple, bonsai, Bonsai / small tree in shallow pot, plant care, rooted plant, local pickup"
boxwood,Boxwood,Buxus sempervirens,,outdoor_shrub,SHRUB_FLOWERING,"Boxwood is a shrub or woody ornamental sold for landscape structure, flowers, fruit, or evergreen foliage. Listings should include container size, mature size, and climate suitability.",Usually part sun to full sun; check species and climate. Deep watering while establishing; then species-appropriate irrigation. Outdoor humidity is fine; choose climate-appropriate plants. Soil: Garden soil matched to species pH/drainage needs.,part_sun_to_full_sun,deep_establishment,outdoor_variable,garden_species_specific,Prune/space for airflow and bloom performance.,easy_to_intermediate,likely_toxic,mvp_seed_needs_taxonomy_and_toxicity_review,"Boxwood, outdoor shrub, Flowering shrub / landscape plant, plant care, rooted plant, local pickup"
jasmine,Jasmine,Jasminum polyanthum,,outdoor_shrub,SHRUB_FLOWERING,"Jasmine is a shrub or woody ornamental sold for landscape structure, flowers, fruit, or evergreen foliage. Listings should include container size, mature size, and climate suitability.",Usually part sun to full sun; check species and climate. Deep watering while establishing; then species-appropriate irrigation. Outdoor humidity is fine; choose climate-appropriate plants. Soil: Garden soil matched to species pH/drainage needs.,part_sun_to_full_sun,deep_establishment,outdoor_variable,garden_species_specific,Prune/space for airflow and bloom performance.,easy_to_intermediate,verify,mvp_seed_needs_taxonomy_and_toxicity_review,"Jasmine, outdoor shrub, Flowering shrub / landscape plant, plant care, rooted plant, local pickup"
star-jasmine,Star Jasmine,Trachelospermum jasminoides,,outdoor_shrub,SHRUB_FLOWERING,"Star Jasmine is a shrub or woody ornamental sold for landscape structure, flowers, fruit, or evergreen foliage. Listings should include container size, mature size, and climate suitability.",Usually part sun to full sun; check species and climate. Deep watering while establishing; then species-appropriate irrigation. Outdoor humidity is fine; choose climate-appropriate plants. Soil: Garden soil matched to species pH/drainage needs.,part_sun_to_full_sun,deep_establishment,outdoor_variable,garden_species_specific,Prune/space for airflow and bloom performance.,easy_to_intermediate,likely_nontoxic,mvp_seed_needs_taxonomy_and_toxicity_review,"Star Jasmine, outdoor shrub, Flowering shrub / landscape plant, plant care, rooted plant, local pickup"
ornamental-grass,Ornamental Grass,Pennisetum alopecuroides,Fountain grass,outdoor_perennial,OUTDOOR_PERENNIAL,"Ornamental Grass is a perennial landscape plant bought for repeat-season value, pollinator appeal, foliage, or flowers. Listings should include sun exposure, mature size, and local hardiness notes.","Match species to full sun, part sun, or shade. Water to establish; many need less once rooted. Outdoor humidity is fine. Soil: Well-draining garden soil amended for the species.",varies_by_species,establish_then_moderate,outdoor_variable,garden_well_draining,Good spacing reduces fungal pressure.,easy_to_intermediate,likely_nontoxic,mvp_seed_needs_taxonomy_and_toxicity_review,"Ornamental Grass, outdoor perennial, Outdoor perennial, plant care, rooted plant, local pickup"
aloe-blue-elf,Aloe Blue Elf,Aloe 'Blue Elf',,succulent_cactus,SUCCULENT,"Aloe Blue Elf is a succulent valued for shape, color, drought tolerance, and easy shipping. Listings should mention light exposure, size, rooted status, and whether it has been grown indoors or outdoors.","Very bright light; many need several hours of direct sun or strong grow light. Soak thoroughly, then let mix dry completely before watering again. Low to average humidity is fine. Soil: Fast-draining cactus/succulent mix with pumice, perlite, or grit.",bright_to_direct,dry_cycle,low_to_average,cactus_succulent_gritty,Good airflow and dry leaves/crowns help prevent rot.,easy_to_intermediate,likely_toxic,mvp_seed_needs_taxonomy_and_toxicity_review,"Aloe Blue Elf, succulent cactus, Succulent / dryland plant, plant care, rooted plant, local pickup"
agave,Agave,Agave americana,,succulent_cactus,SUCCULENT,"Agave is a succulent valued for shape, color, drought tolerance, and easy shipping. Listings should mention light exposure, size, rooted status, and whether it has been grown indoors or outdoors.","Very bright light; many need several hours of direct sun or strong grow light. Soak thoroughly, then let mix dry completely before watering again. Low to average humidity is fine. Soil: Fast-draining cactus/succulent mix with pumice, perlite, or grit.",bright_to_direct,dry_cycle,low_to_average,cactus_succulent_gritty,Good airflow and dry leaves/crowns help prevent rot.,easy_to_intermediate,likely_toxic,mvp_seed_needs_taxonomy_and_toxicity_review,"Agave, succulent cactus, Succulent / dryland plant, plant care, rooted plant, local pickup"
aeonium,Aeonium,Aeonium arboreum,,succulent_cactus,SUCCULENT,"Aeonium is a succulent valued for shape, color, drought tolerance, and easy shipping. Listings should mention light exposure, size, rooted status, and whether it has been grown indoors or outdoors.","Very bright light; many need several hours of direct sun or strong grow light. Soak thoroughly, then let mix dry completely before watering again. Low to average humidity is fine. Soil: Fast-draining cactus/succulent mix with pumice, perlite, or grit.",bright_to_direct,dry_cycle,low_to_average,cactus_succulent_gritty,Good airflow and dry leaves/crowns help prevent rot.,easy_to_intermediate,likely_nontoxic,mvp_seed_needs_taxonomy_and_toxicity_review,"Aeonium, succulent cactus, Succulent / dryland plant, plant care, rooted plant, local pickup"
canary-island-date-palm,Canary Island Date Palm,Phoenix canariensis,,outdoor_tropical,OUTDOOR_PALM,"Canary Island Date Palm is a bold landscape or patio palm sold for trunk character, mature scale, and dramatic arching fronds. Listings should note plant size, indoor or outdoor history, sun exposure, and any local cold-protection limits.","Full sun is best; young plants can appreciate a gentler transition if moved from shade or indoors. Water regularly while establishing, then deeply and less often once rooted; avoid constantly soggy soil. Outdoor humidity is fine; good airflow helps keep crowns and fronds healthy. Soil: Fast-draining ground or large-container soil; avoid standing water around the crown.",full_sun_to_part_sun,deep_establishment_then_moderate,outdoor_variable,garden_fast_draining,Outdoor airflow is beneficial; remove crowded dead material and avoid burying the crown.,easy_to_intermediate,verify,mvp_seed_needs_taxonomy_and_toxicity_review,"Canary Island Date Palm, outdoor tropical, Outdoor palm / sun-loving landscape palm, plant care, rooted plant, local pickup"
monkey-puzzle-tree,Monkey Puzzle Tree,Araucaria araucana,,outdoor_tree,OUTDOOR_CONIFER_TREE,"Monkey Puzzle Tree is a distinctive conifer grown for dramatic structure, unusual branching, and long-term specimen value. Listings should include plant height, container size, outdoor sun exposure, and local hardiness or wind-exposure notes.","Full sun to part sun depending on climate and plant age; avoid dark, crowded siting. Water consistently while establishing, then shift to deeper, less frequent watering in well-draining soil. Outdoor humidity is fine; avoid prolonged stagnant wet foliage where fungal issues linger. Soil: Well-draining ground soil with room for roots; avoid sites that stay waterlogged.",full_sun_to_part_sun,establish_then_moderate,outdoor_variable,garden_well_draining,Good spacing and airflow support strong branching and reduce fungal pressure.,intermediate,verify,mvp_seed_needs_taxonomy_and_toxicity_review,"Monkey Puzzle Tree, outdoor tree, Outdoor conifer / specimen tree, plant care, rooted plant, local pickup"
